authors,formats,isbn,pubdate,title
"Edvard Hoem","epub, mobi","9788249523849","2023-11-15T01:00:00+02:00","Husjomfru"
"Edvard Hoem","epub, mobi","9788249516353","2024-07-23T02:18:24+02:00","Bror din på prærien"
"Edvard Hoem","epub, mobi","9788249516919","2017-11-27T01:00:00+02:00","Land ingen har sett"
"Edvard Hoem","epub, mobi","9788249514847","2014-01-01T02:00:00+02:00","Slåttekar i himmelen"
"gillianeliza","epub","","2024-05-23T01:00:00+02:00","The Gallows"
"SereneMusafir","epub","","2023-05-10T02:00:00+02:00","Green Light"
"orphan_account","epub","","2021-05-02T02:00:00+02:00","A Second Attempt"
"Trude Teige","epub","820345321X","2024-01-01T02:00:00+02:00","Mormors utrolige venninner"
"Leigh Bardugo","","1250313074","2019-01-01T02:00:00+02:00","Ninth House (Alex Stern, #1)"
"Colleen Hoover","","1668001225","2022-01-01T02:00:00+02:00","It Starts with Us (It Ends with Us, #2)"
"Jennifer L. Armentrout","","1952457726","2022-01-01T02:00:00+02:00","The War of Two Queens"
"Jennifer L. Armentrout","azw3, epub","1952457017","2020-01-01T02:00:00+02:00","From Blood and Ash"
"Jennifer L. Armentrout","","1952457106","2020-01-01T02:00:00+02:00","A Kingdom of Flesh and Fire"
"Jennifer L. Armentrout","","1952457254","2021-01-01T02:00:00+02:00","The ​Crown of Gilded Bones"
"Leigh Bardugo","","","2016-01-01T02:00:00+02:00","Crooked Kingdom (Six of Crows, #2)"
"Rick Riordan","","","2005-01-01T02:00:00+02:00","The Lightning Thief (Percy Jackson and the Olympians, #1)"
"Tracy Wolff","","9781640638952","2022-03-09T19:04:23+02:00","Crave"
"Tracy Wolff","","9781682815854","2020-09-29T15:23:09+02:00","Crush"
"Trude Teige","","9788203454875","0101-01-01T02:00:00+02:00","Morfar pustet med havet"
"Cassandra Clare","","1481426303","2014-01-01T02:00:00+02:00","City of Heavenly Fire (The Mortal Instruments, #6)"
"Amanda Lovelace","azw3, epub","9781449489427","2018-03-06T01:00:00+02:00","The Witch Doesn't Burn In This One"
"Pierre Alex Jeanty","","","2017-08-13T01:00:00+02:00","Her Vol. 2"
"Amie Kaufman & Jay Kristoff","","9781524720964","2019-05-07T02:00:00+02:00","Aurora Rising"
"Erin Sterling","","9781472290274","0101-01-01T02:00:00+02:00","The Ex Hex"
"Leigh Bardugo","","","2014-01-01T02:00:00+02:00","Ruin and Rising (The Shadow and Bone Trilogy, #3)"
"Scarlett St. Clair","","","2019-01-01T02:00:00+02:00","A Touch of Darkness (Hades & Persephone, #1)"
"Caroline Peckham, Susanne Valenti","","9781916926097","2025-08-05T02:00:00+02:00","Heartless Sky"
"Caroline Peckham, Susanne Valenti","","9781916926080","2025-06-24T02:00:00+02:00","Fated Throne"
"Caroline Peckham, Susanne Valenti","","9798647484109","2020-05-20T15:26:00+02:00","Cursed Fates"
"Caroline Peckham, Susanne Valenti","","9781916926066","2025-04-01T15:26:13+02:00","Shadow Princess"
"Caroline Peckham, Susanne Valenti","","9781916926301","2025-02-18T15:26:21+02:00","The Reckoning"
"Caroline Peckham, Susanne Valenti","","9781916926295","2025-01-07T15:26:35+02:00","Ruthless Fae"
"Caroline Peckham, Susanne Valenti","","9781916926257","0101-01-01T02:00:00+02:00","The Awakening"
"Caroline Peckham, Susanne Valenti","","9781916926103","2025-09-16T15:26:57+02:00","Sorrow & Starlight"
"Sarah J. Maas","","1619632217","2014-01-01T02:00:00+02:00","The Assassin's Blade (Throne of Glass, #0.1-0.5)"
"Sarah J. Maas","azw3, epub","1639731008","2015-01-01T02:00:00+02:00","Queen of Shadows (Throne of Glass, #4)"
"Julia Quinn","","9780380815586","2001-07-03T15:28:48+02:00","An Offer From a Gentleman"
"Julia Quinn","","","2000-01-01T02:00:00+02:00","The Viscount Who Loved Me (Bridgertons, #2)"
"Julia Quinn","","9780063142121","0101-01-01T02:00:00+02:00","The Duke and I"
"Julia Quinn","","0349429456","2002-01-01T02:00:00+02:00","Romancing Mister Bridgerton (Bridgertons, #4)"
"J. K. Rowling","","0439784549","2024-09-27T03:24:44+02:00","Harry Potter and the Half-Blood Prince"
"J. K. Rowling","","0545010225","2024-10-16T03:15:33+02:00","Harry Potter and the Deathly Hallows"
"J. K. Rowling","azw3, epub","0439139597","2024-08-26T00:54:14+02:00","Harry Potter and the Goblet of Fire"
"J. K. Rowling","azw3, epub","043965548X","2024-08-14T00:11:22+02:00","Harry Potter and the Prisoner of Azkaban"
"Margit Sandemo","","8250917995","1986-01-01T02:00:00+02:00","Lucifers kjærlighet (Sagaen om Isfolket, #29)"
"Diana Gabaldon","","8250921380","2023-07-19T12:06:01+02:00","Stille før stormen"
"Margit Sandemo","","9788250921009","1988-01-01T01:00:00+02:00","Demonens Fjell"
"Diana Gabaldon","","8250920198","2023-06-07T23:09:32+02:00","Skjulte spor"
"Margit Sandemo","","8250920686","2023-07-18T21:42:49+02:00","Fanget av tiden"
"Margit Sandemo","","8250920384","2023-07-10T01:30:02+02:00","Rop av stumme røster"
"Margit Sandemo","","8250919173","2023-05-27T06:15:49+02:00","Kvinnen på stranden"
"Margit Sandemo","","9788251679923","2018-04-17T15:33:21+02:00","Sagaen om Isfolket 35 - Vandring i mørket"
"Margit Sandemo","","9788250919686","1987-01-01T01:00:00+02:00","Trolllmåne"
"Margit Sandemo","","9788251679947","2023-06-05T00:11:50+02:00","Skrekkens"
"Margit Sandemo","","8250918967","2023-05-27T01:46:37+02:00","Nattens demon"
"Diana Gabaldon","","8250918479","2022-05-21T01:16:59+02:00","Fergemannen (Sagaen om Isfolket, #31)"
"Margit Sandemo","","8250918770","2023-05-25T01:04:08+02:00","Hunger"
"Margit Sandemo","","8250918215","1986-01-01T02:00:00+02:00","Utysket (Sagaen om Isfolket, #30)"
"Margit Sandemo","","8250917294","1986-01-01T02:00:00+02:00","Skandalen (Sagaen om Isfolket, #27)"
"Margit Sandemo","","8250917510","1986-01-01T02:00:00+02:00","Is og ild (Sagaen om Isfolket, #28)"
"Margit Sandemo","","8250916638","1985-01-01T02:00:00+02:00","Engel med svarte vinger (Sagaen om Isfolket, #25)"
"Margit Sandemo","","8250916344","1985-01-01T02:00:00+02:00","I jordens dyp (Sagaen om Isfolket, #24)"
"Margit Sandemo","","9788251679831","1985-01-01T01:00:00+02:00","Sagaen om Isfolket 26 - Huset i Eldafjord"
"Margit Sandemo","","8250916166","1985-01-01T02:00:00+02:00","Våroffer (Sagaen om Isfolket, #23)"
"Margit Sandemo","","9788250915657","1985-01-01T01:00:00+02:00","Djevelkløften"
"Margit Sandemo","","8250915445","2021-05-30T16:11:19+02:00","Ravnens vinger (Sagaen om Isfolket, #20)"
"Margit Sandemo","","8250914856","1984-01-01T02:00:00+02:00","Dragens tenner (Sagaen om Isfolket, #19)"
"Margit Sandemo","","9788250917842","1984-01-01T01:00:00+02:00","Dødens Hage"
"Margit Sandemo","","8250915100","1984-01-01T02:00:00+02:00","Bak fasaden (Sagaen om Isfolket, #18)"
"Margit Sandemo","","8250915089","1984-01-01T02:00:00+02:00","Galgeblomsten (Sagaen om Isfolket, #16)"
"Margit Sandemo","","9788251679725","2018-04-17T01:00:00+02:00","Sagaen om Isfolket 15 - Vinden fra øst"
"Margit Sandemo","","8250915062","2021-05-02T21:14:02+02:00","Den siste ridder (Sagaen om Isfolket, #14)"
"Margit Sandemo","","8250917790","2021-04-30T17:09:04+02:00","Feber i blodet (Sagaen om Isfolket #12)"
"Margit Sandemo","","8250915054","2021-04-30T19:46:52+02:00","Satans fotspor (Sagaen om Isfolket, #13)"
"Margit Sandemo","","9788251679688","2018-04-17T15:37:40+02:00","Sagaen om Isfolket 11 - Blodhevn"
"Margit Sandemo","","9788251679671","1983-01-01T01:00:00+02:00","Sagaen om Isfolket 10 - Vinterstorm"
"Margit Sandemo","","8250917766","2021-04-25T18:26:09+02:00","Den ensomme"
"Margit Sandemo","","8250917669","2021-04-24T19:34:21+02:00","Bøddelens datter"
"Diana Gabaldon","","8250917650","2021-04-24T15:35:31+02:00","Spøkelsesslottet (Sagaen om Isfolket, #7)"
"Margit Sandemo","","8250917731","2021-04-24T01:54:21+02:00","Den onde arven"
"Margit Sandemo","","8250917723","2021-04-05T23:50:11+02:00","Dødssynden"
"Margit Sandemo","","9788251679619","1982-01-01T01:00:00+02:00","Sagaen om Isfolket"
"Margit Sandemo","","8250917715","2021-03-22T11:07:43+02:00","Avgrunnen"
"Margit Sandemo","","8250917707","2021-03-17T15:45:26+02:00","Heksejakten (Sagaen om Isfolket, #2)"
"Margit Sandemo","","8250911385","2021-03-17T00:43:17+02:00","Trollbundet (Sagaen om Isfolket, #1)"
"Sarah J. Maas","","1635575621","2022-11-26T23:08:20+02:00","A Court of Frost and Starlight"
"Sarah J. Maas","","168119628X","2022-11-29T18:10:21+02:00","A ​Court of Silver Flames (A Court of Thorns and Roses, #4)"
"Sarah J. Maas","","1635575605","2022-11-26T17:12:41+02:00","A Court of Wings and Ruin (A Court of Thorns and Roses, #3)"
"Sarah J. Maas","","1635575583","2022-09-11T20:52:20+02:00","A Court of Mist and Fury (A Court of Thorns and Roses, #2)"
"Sarah J. Maas","","9798885797085","2015-01-01T01:00:00+02:00","A Court of Thorns and Roses"
"Caroline Kepnes","","9781471192647","0101-01-01T02:00:00+02:00","Hidden Bodies"
"Caroline Kepnes","","9781471191886","0101-01-01T02:00:00+02:00","You Love Me"
"Trude Teige","epub","8203395279","2022-01-01T02:00:00+02:00","Løgnere"
"Trude Teige","epub","9788203352614","2012-01-01T01:00:00+02:00","Svik"
"Trude Teige","","8203357660","2014-01-01T02:00:00+02:00","Jenta som sluttet å snakke"
"Trude Teige","","8203362400","2017-01-01T02:00:00+02:00","Pasienten"
"Trude Teige","epub","8252573169","2009-01-01T02:00:00+02:00","Noen vet"
"Trude Teige","","8203364799","0101-01-01T02:00:00+02:00","Aldri tilgi"
"Trude Teige","epub","8203198139","2010-01-01T02:00:00+02:00","En hjelpende hånd"
"George R.R. Martin","","9780553385953","2020-08-03T09:35:33+02:00","A Dance With Dragons"
"Philip Pullman","","","1997-01-01T02:00:00+02:00","The Subtle Knife (His Dark Materials, #2)"
"Philip Pullman","","0440238153","2000-01-01T02:00:00+02:00","The Amber Spyglass (His Dark Materials, #3)"
"Philip Pullman","","0679879242","1995-01-01T02:00:00+02:00","The Golden Compass (His Dark Materials, #1)"
"Diana Gabaldon","","0385685548","2023-09-14T17:12:00+02:00","Go Tell the Bees That I Am Gone"
"Diana Gabaldon","","0752898477","2023-08-14T01:16:02+02:00","An Echo in the Bone"
"Diana Gabaldon","","0385340397","2006-08-20T14:08:21+02:00","A Breath of Snow and Ashes"
"Diana Gabaldon","","0525618732","2020-08-14T10:20:16+02:00","Drums of Autumn (Outlander, #4)"
"Diana Gabaldon","","0440221668","2020-09-10T17:23:35+02:00","The Fiery Cross (Outlander, #5)"
"Diana Gabaldon","","0385335997","1993-01-01T02:00:00+02:00","Voyager (Outlander, #3)"
"Diana Gabaldon","","0440242940","2019-07-06T17:27:48+02:00","Outlander (Outlander, #1)"
"Diana Gabaldon","","0385344430","2023-08-20T19:44:51+02:00","Written In My Own Heart's Blood"
"Diana Gabaldon","","","2019-10-15T20:47:57+02:00","Dragonfly in Amber (Outlander, #2)"
"Gregg Olsen","azw3, epub","1542005248","2019-01-01T02:00:00+02:00","If You Tell"
"Leif Svalesen","","9788202154813","1996-12-15T15:46:04+02:00","Slaveskipet Fredensborg: Og Den Dansk-Norske Slavehandel På 1700-Tallet"
"Ahlam Khalil, Hanne Aardal, Isabel Raad","","9781520532646","2017-02-05T02:00:00+02:00","Det Vi Ikke Sa"
"Kate Quinn,Janie Chang","","9780063304734","2024-04-15T04:12:29+02:00","The Phoenix Crown"
"Kate Quinn","","0062943510","2024-04-22T07:13:41+02:00","The Diamond Eye"
"Kate Quinn","","","2019-01-01T02:00:00+02:00","The Huntress"
"Kate Quinn","","","2017-01-01T02:00:00+02:00","The Alice Network"
"Tevis Walter","","1400030609","2024-01-25T03:46:05+02:00","The Queen’s Gambit"
"Kate Quinn","","0062943472","2024-02-10T06:14:56+02:00","The Rose Code"
"Torkil Fære","","9788202750732","2024-01-02T01:00:00+02:00","Pulskuren"
"Tom Felton","","1538741369","2022-01-01T02:00:00+02:00","Beyond the Wand: The Magic & Mayhem of Growing Up a Wizard"
"James Clear","","9780735211292","2018-10-16T01:00:00+02:00","Atomic Habits: An Easy & Proven Way to Build Good Habits & Break Bad Ones"
"Abida Raja, Håkon F. Høydal","","9788272017261","2022-12-15T15:49:18+02:00","Abida Raja: Frihetens Øyeblikk"
"Jennette McCurdy","","","2022-01-01T02:00:00+02:00","I'm Glad My Mom Died"
"Colleen Hoover","","1501110349","2015-01-01T02:00:00+02:00","November 9"
"Lene Kaaberbøl","","9788755333147","2004-12-15T01:00:00+02:00","Skammerens datter"
"Abida Raja","","9788202713461","2022-09-27T00:50:19+02:00","Min Skyld - en Historie Om Frigjøring"
"Nina de Gramont","","9781529054200","2022-01-20T06:35:10+02:00","The Christie Affair"
"Elin Anna Labba","","9788253043371","2022-12-15T15:50:52+02:00","Herrene sendte oss hit: om tvangsflyttingen av samene"
"Dodie Clark","","9781785036804","0101-01-01T02:00:00+02:00","Secrets for the Mad: Obsessions, Confessions and Life Lessons"
"Pierre Alex Jeanty","azw3, epub","9780997426588","2017-03-15T01:00:00+02:00","Her"
"Mae Krell","azw3, epub","9781493733583","2015-01-22T01:00:00+02:00","All The Things I Never Said"
"Pyrokardia","azw3, epub","9781539668152","2017-01-22T01:00:00+02:00","Broken Wishbones and Empty Spaces"
"Bo Burnham","azw3, epub","9781455519125","2013-10-03T01:00:00+02:00","Egghead: Or, You Can't Survive on Ideas Alone"
"Sophie Elise Isachsen","","8202511674","2016-01-01T02:00:00+02:00","Forbilde"
"Linnéa Myrhe","","9788210055072","2024-12-27T01:00:00+02:00","Hver Gang Du Forlater Meg"
"Rupi Kaur","azw3, epub","1502784270","2014-01-01T02:00:00+02:00","milk and honey"
"r.h. Sin","azw3, epub","9781449488062","2017-05-02T01:00:00+02:00","Whiskey Words & a Shovel I"
"Colleen Hoover","","","2016-01-01T02:00:00+02:00","It Ends with Us (It Ends with Us, #1)"
"Taylor Jenkins Reid","","1501139231","2017-01-01T02:00:00+02:00","The Seven Husbands of Evelyn Hugo"
"Ragnhild Holmås","","9788202617837","2020-04-20T01:00:00+02:00","Men du ser ikke syk ut"
"Penlope Douglas","azw3, epub","9781543644548","2016-01-01T01:00:00+02:00","Punk 57"
"Madeline Miller","","","2011-01-01T02:00:00+02:00","The Song of Achilles"
"Thomas Erikson","","820550945X","2014-01-01T02:00:00+02:00","Omgitt av idioter"
"Zeshan Shakar","epub","8205509352","2017-01-01T02:00:00+02:00","Tante Ulrikkes vei"
"Zip Reads","","9781794278714","2019-01-17T15:54:41+02:00","Educated"
"Åsne Seierstad","epub","9788248918233","2016-10-11T00:00:00+02:00","To søstre"
"Sophie Elise Isachsen","epub","9788202559076","2018-10-01T01:00:00+02:00","Elsk meg"
"Bernhard L. Mohr","","9788202514259","2020-11-26T15:02:03+02:00","Hvorfor stemmer russerne på Putin?"
"Marte Michelet","","9788205470439","0101-01-01T02:00:00+02:00","Den største forbrytelsen"
"Linnéa Myrhe","","9788210057281","2018-12-13T01:00:00+02:00","Meg, Meg, Meg"
"Perfection Learning Corporation","","9781663607645","2019-12-15T15:56:03+02:00","Normal People"
"Malin Persson Giolito","epub","9788252587470","2016-01-01T01:00:00+02:00","Størst av alt"
"Neil Geiman","","9781663606242","2019-12-15T16:26:31+02:00","Norse Mythology"
"Liane Moriarty","azw3, epub","0399587195","2014-01-01T02:00:00+02:00","Big Little Lies"
"Isabel Raad, Kjersti Kvam","","9788242962195","0101-01-01T02:00:00+02:00","Shirog: jenta jeg en gang var"
"Deborah Feldman","azw3, epub","","2012-02-14T01:00:00+02:00","Unorthodox: The Scandalous Rejection of My Hasidic Roots"
"Åsene Seierstad","epub","9788202220822","2002-09-02T01:00:00+02:00","Bokhandleren I Kabul"
"Steven Levitsky & Daniel Ziblatt","","9781524762933","0101-01-01T02:00:00+02:00","How Democracies Die"
"Guila Enders","","9788202597658","2014-02-28T10:00:00+02:00","Sjarmen Med Tarmen"
"Anne Sparkland","","9788243013766","2021-12-23T01:00:00+02:00","Frisk Nok - Håndbok I Immunforsvar"
"Kristin Hannah","","9781250178619","2024-04-28T04:53:12+02:00","The Four Winds"
"Ali Hazelwood","","0593641035","2024-01-01T02:00:00+02:00","Bride"
"Kate Quinn","","0063244748","2024-01-01T02:00:00+02:00","The Briar Club"
"Lisa Wingate","","9781432877583","0101-01-01T02:00:00+02:00","Before We Were Yours"
"Colleen Hoover","azw3, epub","9786020677835","2024-09-13T15:59:17+02:00","Yang Tertinggal Darinya (Reminders of Him)"
"Matthew Walker","","9781501144318","2017-10-03T15:59:30+02:00","Why We Sleep"
"Rachel Griffin","","9781728268859","2022-08-02T15:59:38+02:00","Wild Is the Witch"
"Delia Owens","","9780735219113","0101-01-01T02:00:00+02:00","Where the Crawdads Sing"
"Charlotte McConaghy","","9781250244154","0101-01-01T02:00:00+02:00","Once There Were Wolves"
"Chris Bohjalian","","9780385542432","0101-01-01T02:00:00+02:00","Hour of the Witch"
"Sadeqa Johnson","","","2021-01-12T02:00:00+02:00","Yello Wife"
"Harald Stanghelle, Harald V","","9788248927228","0101-01-01T02:00:00+02:00","Kongen forteller"
"Shelley Parker-Chan","","9781250621795","0101-01-01T02:00:00+02:00","She Who Became the Sun"
"Yung Pueblo","","9781524860486","0101-01-01T02:00:00+02:00","Clarity & Connection"
"Amanda Lovelace","","","0101-01-01T02:00:00+02:00","shine your icy crown"
"Kate Baer","","9781398706781","0101-01-01T02:00:00+02:00","I Hope This Finds You Well: Poems"
"Matt Haig","","9780143136668","0101-01-01T02:00:00+02:00","The Comfort Book"
"Liane Moriarty","","1250220254","2021-01-01T02:00:00+02:00","Apples Never Fall"
"Miranda Cowley Heller","","9780241470718","0101-01-01T02:00:00+02:00","The Paper Palace"
"Sara Nisha Adams","","9780063025301","0101-01-01T02:00:00+02:00","The Reading List"
"Sally Thorne","","9780349414249","0101-01-01T02:00:00+02:00","The Hating Game"
"Lex Croucher","","9781250832849","0101-01-01T02:00:00+02:00","Reputation"
"Matt Haig","","9780525559481","0101-01-01T02:00:00+02:00","The Midnight Library"
"Nicola Yoon","","9780553496673","0101-01-01T02:00:00+02:00","Everything, Everything"
"Tess Sharpe","azw3, epub","9780593353806","2021-01-26T01:00:00+02:00","The Girls I've Been"
"Mark Manson","","","2016-01-01T02:00:00+02:00","The Subtle Art of Not Giving a Fck: A Counterintuitive Approach to Living a Good Life"
"Rupi Kaur","","1982172452","2020-01-01T02:00:00+02:00","Home Body"
"Kazuo Ishiguro","","059331817X","2021-01-01T02:00:00+02:00","Klara and the Sun"
"Nancy Johnson","","9780063005655","0101-01-01T02:00:00+02:00","The Kindest Lie"
"Catherine Gray","","9781783253647","0101-01-01T02:00:00+02:00","The Unexpected Joy of the Ordinary"
"Édouard Louis","","9780811228503","0101-01-01T02:00:00+02:00","Who Killed My Father"
"E. Lockhart","","9781471403989","0101-01-01T02:00:00+02:00","We Were Liars"
"Casey McQuiston","","9781035007417","0101-01-01T02:00:00+02:00","Red, White & Royal Blue"
"Adam Silvera","","9780062457806","0101-01-01T02:00:00+02:00","They Both Die at the End"
"Malcolm Gladwell","","0316478520","2019-01-01T02:00:00+02:00","Talking to Strangers: What We Should Know About the People We Don't Know"
"Beth O'Leary","","9781787475014","0101-01-01T02:00:00+02:00","The Switch"
"Marie Kondo","","","0101-01-01T02:00:00+02:00","The Life-Changing Magic of Tidying Up"
"Malcolm Gladwell","","9780316346627","0101-01-01T02:00:00+02:00","The Tipping Point"
"Emma Straub","","9781594634697","0101-01-01T02:00:00+02:00","All Adults Here"
"Chimamanda Ngozi Adichie","","9780008115272","0101-01-01T02:00:00+02:00","We Should All Be Feminists"
"Trevor Noah","","9780399588181","0101-01-01T02:00:00+02:00","Born a Crime: Stories From a South African Childhood"
"Oyinkan Braithwaite","","9781786495983","0101-01-01T02:00:00+02:00","My Sister, the Serial Killer"
"Ellen Feldman","","1250622778","2020-01-01T02:00:00+02:00","Paris Never Leaves You"
"Fredrik Backman","","198216963X","2019-01-01T02:00:00+02:00","Anxious People"
"Claire Contreras","","","2018-07-10T02:00:00+02:00","Because You’re Mine"
"Catherine Gray","","9781783253135","0101-01-01T02:00:00+02:00","The Unexpected Joy of Being Single"
"Margaret Atwood","azw3, epub","9780099740919","1985-01-01T01:00:00+02:00","The Handmaid's Tale"
"Frank Herbert","azw3, epub","1440630518","1976-01-01T02:00:00+02:00","Children of Dune"
"J. K. Rowling","azw3, epub","9781781106297","2016-09-06T01:00:00+02:00","Short Stories From Hogwarts of Power, Politics and Pesky Poltergeists"
"Rebecca Yarros","azw3, epub","1649374178","2023-01-01T02:00:00+02:00","Iron Flame (The Empyrean, #2)"
"Somaiya Daud","","9781250126429","2018-01-01T01:00:00+02:00","Mirage"
"Carmen Maria Machado","","155597788X","2017-01-01T02:00:00+02:00","Her Body and Other Parties: Stories"
"Ken Follett","azw3, epub","0525951652","2010-01-01T02:00:00+02:00","Fall of Giants (The Century Trilogy, #1)"
"Ken Follett","","9780451222138","1989-01-01T01:00:00+02:00","The Pillars of the Earth"
"Kevin Kwan","","0385536976","2013-01-01T02:00:00+02:00","Crazy Rich Asians (Crazy Rich Asians, #1)"
"Tayari Jones","","9781616201340","2018-01-01T01:00:00+02:00","An American Marriage"
"Marisa Noelle","","9781916893221","2021-01-01T01:00:00+02:00","The Unraveling of Luna Forester"
"Jennifer Lynn Barnes","azw3, epub","1368052401","2020-01-01T02:00:00+02:00","The Inheritance Games (The Inheritance Games, #1)"
"Samantha Shannon","","1408883457","2019-01-01T02:00:00+02:00","The Priory of the Orange Tree (The Roots of Chaos, #1)"
"Victoria E. Schwab","","0765376458","2015-01-01T02:00:00+02:00","A Darker Shade of Magic (Shades of Magic, #1)"
"Emily Henry","","","2020-01-01T02:00:00+02:00","Beach Read"
"Emily Henry","","1984806750","2021-01-01T02:00:00+02:00","People We Meet on Vacation"
"Camilla Isley","","1837519846","2024-01-01T02:00:00+02:00","It Started With a Book"
"Victoria Blue","","9781642633986","2024-02-01T01:00:00+02:00","Accepting Agatha"
"Krystal Sutherland","","059311034X","2021-01-01T02:00:00+02:00","House of Hollow"
"Homer","azw3, epub","0140275363","0800-01-01T02:00:00+02:00","The Iliad"
"William Shakespeare","","0998809101","1623-01-01T02:00:00+02:00","Macbeth"
"Nora Sakavic","","1301824291","2013-01-01T02:00:00+02:00","The Raven King (All for the Game, #2)"
"Dana Mele","","1524741701","2018-01-01T02:00:00+02:00","People Like Us"
"Nathaniel Hawthorne","azw3, epub","9781101109021","2009-08-25T01:00:00+02:00","The Scarlet Letter: (Penguin Classics Deluxe Edition)"
"Rory Power","","9780525645580","2019-01-01T01:00:00+02:00","Wilder Girls"
"Edgar Allan Poe","","0439224063","1845-01-01T02:00:00+02:00","The Raven and Other Poems"
"Chloe Gong","","1534457690","2020-01-01T02:00:00+02:00","These Violent Delights (These Violent Delights, #1)"
"Harper Lee","","9780060935467","2005-07-05T01:00:00+02:00","To Kill a Mockingbird (Pulitzer Prize Winner)"
"Homer","","0143039954","0700-01-01T02:00:00+02:00","The Odyssey"
"Carlos Ruiz Zafón","","","2001-01-01T02:00:00+02:00","The Shadow of the Wind (The Cemetery of Forgotten Books, #1)"
"Faridah Àbíké-Íyímídé","","9781474967532","2021-01-01T01:00:00+02:00","Ace of Spades"
"Deborah Harkness","","0670022411","2011-01-01T01:00:00+02:00","A Discovery of Witches"
"Sylvia Plath","","0553143840","1963-01-01T02:00:00+02:00","The Bell Jar"
"Elizabeth Kostova","","","2005-01-01T02:00:00+02:00","The Historian"
"Ransom Riggs","","","2011-01-01T02:00:00+02:00","Miss Peregrine's Home for Peculiar Children (Miss Peregrine's Peculiar Children, #1)"
"Emily Brontë","azw3, epub","9781542047654","1847-01-01T01:00:00+02:00","Wuthering Heights"
"Olivie Blake","","9781250854544","2022-09-06T01:00:00+02:00","Atlas Six"
"N.H. Kleinbaum","","0553282980","1988-01-01T02:00:00+02:00","Dead Poets Society"
"Maggie Stiefvater","azw3, epub","0545424925","2012-01-01T02:00:00+02:00","The Raven Boys (The Raven Cycle, #1)"
"Ali Hazelwood","azw3, epub","1408725754","2021-01-01T02:00:00+02:00","The Love Hypothesis"
"Stieg Larsson","","0670069019","2005-01-01T02:00:00+02:00","The Girl With the Dragon Tattoo (Millennium, #1)"
"Richard Osman","","9781984880987","2020-01-01T01:00:00+02:00","The Thursday Murder Club"
"Lars Kepler","","0374173958","2009-01-01T02:00:00+02:00","The Hypnotist (Joona Linna, #1)"
"Caroline Peckham & Susanne Valenti","","9781916926172","2024-04-23T01:00:00+02:00","Restless Stars"
"Caroline Peckham & Susanne Valenti","","9781914425592","2022-01-01T01:00:00+02:00","Sorrow and Starlight"
"Caroline Peckham & Susanne Valenti","azw3, epub","9781916926097","2025-08-05T01:00:00+02:00","Heartless Sky"
"Caroline Peckham & Susanne Valenti","","9781916926066","2021-10-08T01:00:00+02:00","Shadow Princess"
"Caroline Peckham & Valenti","","9781914425073","2021-10-12T01:00:00+02:00","Cursed Fates"
"Peckham & Caroline Peckham & Susanne Valenti","","9781916926301","2025-02-18T01:00:00+02:00","The Reckoning"
"Caroline Peckham & Susanne Valenti","","9781916926295","2025-01-07T01:00:00+02:00","Ruthless Fae"
"Holly Jackson","","1405293187","2019-01-01T02:00:00+02:00","A Good Girl's Guide to Murder (A Good Girl's Guide to Murder, #1)"
"Bella Mackie","","","2021-01-01T02:00:00+02:00","How to Kill Your Family"
"T.J. Klune","","","2020-01-01T02:00:00+02:00","The House in the Cerulean Sea (Cerulean Chronicles, #1)"
"Torkil Berge & Lars Dehli & Elin Fjerstad","","9788203294808","2014-04-01T01:00:00+02:00","Energityvene"
"A. N. P.","epub","9788248919667","2017-03-10T01:00:00+02:00","Chicks o'hoi"
"Malala Yousafzai","","0316322407","2012-01-01T02:00:00+02:00","I Am Malala: The Story of the Girl Who Stood Up for Education and Was Shot by the Taliban"
"Isabel Raad","epub","9788242962195","2018-11-05T01:00:00+02:00","Shirog: jenta jeg en gang var"
"Jojo Moyes","azw3, epub","","2012-01-01T02:00:00+02:00","Me Before You (Me Before You, #1)"
"Margit Sandemo","","8250919920","1987-01-01T02:00:00+02:00","Skrekkens by (Sagaen Om Isfolket, #37)"
"Margit Sandemo","","9788250919686","1987-01-01T01:00:00+02:00","Trollmåne"
"Margit Sandemo","","9788250919419","1987-01-01T01:00:00+02:00","Vandring I Mørket"
"Margit Sandemo","","8250916891","1985-01-01T02:00:00+02:00","Huset I Eldafjord (Sagaen Om Isfolket, #26)"
"Margit Sandemo","","9788250917842","1984-01-01T01:00:00+02:00","Dødens Have"
"Margit Sandemo","","8250915070","1984-01-01T01:00:00+02:00","Vinden Fra Øst"
"Margit Sandemo","","8250915038","1983-01-01T01:00:00+02:00","Blodhevn"
"Margit Sandemo","","8250915011","1983-01-01T01:00:00+02:00","Vinterstorm"
"Margit Sandemo","","9788250917682","1982-01-01T01:00:00+02:00","Lengsel"
"H. D. Carlton","","9781957635101","2021-01-01T01:00:00+02:00","Haunting Adeline"
"Lemony Snicket & Michael Kupperman","","9780064407687","2000-02-02T01:00:00+02:00","The Wide Window"
"Lemony Snicket","","","1999-01-01T02:00:00+02:00","The Reptile Room (A Series of Unfortunate Events, #2)"
"Lemony Snicket","","9780439227582","1999-01-01T01:00:00+02:00","The Bad Beginning"
"John Steinbeck","","0142000671","1937-01-01T02:00:00+02:00","Of Mice and Men"
"Brandon Sanderson","","0385743564","2013-01-01T02:00:00+02:00","Steelheart (The Reckoners, #1)"
"Stephenie Meyer","","031670704X","2020-01-01T02:00:00+02:00","Midnight Sun (The Twilight Saga, #5)"
"Stephenie Meyer","","9780316067928","2008-01-01T01:00:00+02:00","Breaking Dawn"
"Stephenie Meyer","","031612558X","2009-01-01T02:00:00+02:00","The Short Second Life of Bree Tanner (The Twilight Saga, #3.5)"
"Stephenie Meyer","","9780316160209","2007-08-07T01:00:00+02:00","Eclipse"
"Stephenie Meyer","","","2006-01-01T02:00:00+02:00","New Moon (The Twilight Saga, #2)"
"Stephenie Meyer","","9780316015844","2005-10-05T01:00:00+02:00","Twilight"
"Kazuo Ishiguro","","","2005-01-01T02:00:00+02:00","Never Let Me Go"
"George R.R. Martin","","152479628X","2018-01-01T02:00:00+02:00","Fire & Blood (A Targaryen History, #1)"
"George R. R. Martin","","9780002247412","0101-01-01T02:00:00+02:00","The Winds of Winter"
"George R.R. Martin","azw3, epub","055358202X","2005-01-01T02:00:00+02:00","A Feast for Crows (A Song of Ice and Fire, #4)"
"George R.R. Martin","azw3, epub","055357342X","2000-01-01T02:00:00+02:00","A Storm of Swords (A Song of Ice and Fire, #3)"
"George R. R. Martin","","9780553381696","1998-01-01T01:00:00+02:00","A Clash of Kings"
"George R.R. Martin","azw3, epub","0553588486","1996-01-01T02:00:00+02:00","A Game of Thrones (A Song of Ice and Fire, #1)"
"Scott Westerfeld","","9781665940658","2005-01-01T01:00:00+02:00","Uglies"
"R. F. Kuang","","9780008532772","2023-01-01T01:00:00+02:00","Yellowface"
"Oliver Lovrenski","","8203450113","2023-01-01T02:00:00+02:00","Da Vi Var Yngre"
"Stephen Hawking","","0641587716","2002-01-01T02:00:00+02:00","The Theory of Everything: The Origin and Fate of the Universe"
"Emily Henry","","9780593334843","2022-01-01T01:00:00+02:00","Book Lovers"
"Vincent van Gogh","","0140446745","1914-01-01T02:00:00+02:00","The Letters of Vincent Van Gogh"
"J.D. Salinger","","0316769177","1951-01-01T02:00:00+02:00","The Catcher in the Rye"
"Joan Didion","","9781400078431","2005-01-01T01:00:00+02:00","The Year of Magical Thinking"
"Micah Nemerever","","0062963635","2020-01-01T02:00:00+02:00","These Violent Delights"
"Yuval Noah Harari","","","2015-01-01T02:00:00+02:00","Homo Deus: A History of Tomorrow"
"Jane Austen","","9781912714049","1811-01-01T01:00:00+02:00","Sense and Sensibility"
"Pat Barker","","9780241983218","2018-08-30T01:00:00+02:00","The Silence of the Girls: A Retelling of the Classic Greek Myth, Troy, From the Booker Prize-Winning Author of Regeneration"
"Leo Tolstoy","","","1878-01-01T02:00:00+02:00","Anna Karenina"
"J. R. R. Tolkien","","9780547928210","1954-01-01T01:00:00+02:00","The Fellowship of the Ring"
"J.R.R. Tolkien","","","1937-01-01T02:00:00+02:00","The Hobbit, or There and Back Again (The Lord of the Rings, #0)"
"Haruki Murakami","","0375704027","1987-01-01T02:00:00+02:00","Norwegian Wood"
"Coco Mellors","","1635576814","2022-01-01T02:00:00+02:00","Cleopatra and Frankenstein"
"Heather Morris","","006287067X","2018-01-01T02:00:00+02:00","The Tattooist of Auschwitz (The Tattooist of Auschwitz, #1)"
"Taylor Jenkins Reid","","1524798657","2021-01-01T02:00:00+02:00","Malibu Rising"
"Vladimir Nabokov","","9780141193670","1955-01-01T01:00:00+02:00","Lolita"
"Sally Rooney","","0571365442","2021-01-01T02:00:00+02:00","Beautiful World, Where Are You"
"Sally Rooney","","9780451499073","2017-01-01T01:00:00+02:00","Conversations With Friends"
"Zeshan Shakar","","8205566380","2022-01-01T02:00:00+02:00","De Kaller Meg Ulven"
"Zeshan Shakar","","8205538212","2020-01-01T02:00:00+02:00","Gul Bok"
"Franz Kafka","azw3, epub","","1915-01-01T02:00:00+02:00","The Metamorphosis"
"Oscar Wilde","azw3, epub","","1890-01-01T02:00:00+02:00","The Picture of Dorian Gray"
"Jane Austen","azw3, epub","9781503290563","1813-01-01T01:00:00+02:00","Pride and Prejudice"
"Anne Frank","","9780385480338","1952-01-01T01:00:00+02:00","The Diary of a Young Girl"
"Yuval Noah Harari","","9780062316110","2018-05-15T01:00:00+02:00","Sapiens: A Brief History of Humankind"
"Roald Dahl & Quentin Blake","","9780142404126","1972-01-01T01:00:00+02:00","Charlie and the Great Glass Elevator"
"Roald Dahl","","9780142410318","1964-01-01T01:00:00+02:00","Charlie and the Chocolate Factory"
"Fyodor Dostoevsky","azw3, epub, mobi","","1866-01-01T02:00:00+02:00","Crime and Punishment"
"Paulo Coelho","","9780062315007","1993-01-01T01:00:00+02:00","The Alchemist"
"Kate Elizabeth Russell","","006294150X","2020-01-01T02:00:00+02:00","My Dark Vanessa"
"F. Scott Fitzgerald","","9781847492586","1925-01-01T01:00:00+02:00","The Great Gatsby"
"George Orwell","","9780141036144","2008-07-29T01:00:00+02:00","Nineteen Eighty Four"
"Donna Tartt","","0316055425","2013-01-01T02:00:00+02:00","The Goldfinch"
"George Orwell","","0451526341","1945-01-01T01:00:00+02:00","Animal Farm"
"Ottessa Moshfegh","","0525522131","2018-01-01T02:00:00+02:00","My Year of Rest and Relaxation"
"F. Scott Fitzgerald","","9781416556053","1922-05-27T01:00:00+02:00","The Curious Case of Benjamin Button"
"Franz Kafka","","0805209999","1925-01-01T02:00:00+02:00","The Trial"
"Leigh Bardugo","","","2013-05-23T01:00:00+02:00","The Tailor"
"Leigh Bardugo & Dani Pendergast","","9781250624642","2022-09-27T01:00:00+02:00","Demon in the Wood"
"Leigh Bardugo","azw3, epub","1510109188","2021-01-01T02:00:00+02:00","Rule of Wolves (King of Scars, #2)"
"Leigh Bardugo","azw3, epub","125014227X","2019-01-01T02:00:00+02:00","King of Scars (King of Scars, #1)"
"Leigh Bardugo","","9781250076960","2015-01-01T02:00:00+02:00","Six of Crows"
"Mark Lawrence","","0593437918","2023-01-01T02:00:00+02:00","The Book That Wouldn’t Burn (The Library Trilogy, #1)"
"LovesBitca8","","","0101-01-01T02:00:00+02:00","The Right Thing to Do (Rights and Wrongs, #1)"
"isthisselfcare","","","2021-01-01T02:00:00+02:00","Draco Malfoy and the Mortifying Ordeal of Being in Love"
"Amber V. Nicole","","","2022-01-01T02:00:00+02:00","The Book of Azrael (Gods and Monsters, #1)"
"Christopher Paolini","","0375826696","2002-01-01T02:00:00+02:00","Eragon (The Inheritance Cycle, #1)"
"Agatha Christie","","9780007119318","1934-01-01T01:00:00+02:00","Murder on the Orient Express"
"Jennifer Saint","","125077361X","2022-01-01T02:00:00+02:00","Elektra"
"Rick Riordan","","1423113381","2010-01-01T02:00:00+02:00","The Red Pyramid (The Kane Chronicles, #1)"
"Rick Riordan","","9781368113946","2024-01-01T01:00:00+02:00","Wrath of the Triple Goddess"
"Rick Riordan","","1368098177","2023-01-01T02:00:00+02:00","The Chalice of the Gods (Percy Jackson and the Olympians, #6)"
"Rick Riordan","","9781423101475","2008-01-01T01:00:00+02:00","The Last Olympian"
"Rick Riordan","","9781423101499","2008-01-01T01:00:00+02:00","The Battle of the Labyrinth"
"Rick Riordan","","9780141919133","2008-05-01T01:00:00+02:00","Percy Jackson and the Titan's Curse"
"Rick Riordan","","9780120000319","2006-01-01T01:00:00+02:00","The Sea of Monsters"
"Tahereh Mafi","","0062085506","2011-01-01T02:00:00+02:00","Shatter Me (Shatter Me, #1)"
"Shelby Mahurin","","","2019-01-01T02:00:00+02:00","Serpent & Dove (Serpent & Dove, #1)"
"Jennifer L. Armentrout","","9781952457494","2021-01-01T01:00:00+02:00","A Shadow in the Ember"
"Jennifer L. Armentrout","azw3, epub","1957568461","2023-01-01T02:00:00+02:00","A Soul of Ash and Blood"
"J. K. Rowling & Jack Thorne & John Tiffany","","9781781105528","2017-07-25T01:00:00+02:00","Harry Potter and the Cursed Child - Parts One and Two: The Official Playscript of the Original West End Production"
"Jon Fosse","","9788234009815","2023-01-01T01:00:00+02:00","Kvitleik"
"Rick Rubin","","9780593652886","2023-01-10T01:00:00+02:00","The Creative Act: A Way of Being"
"Laurie Gilmore","","9780008759827","2023-08-30T01:00:00+02:00","The Pumpkin Spice Café"
"Percival Everett","","9780385550376","2024-03-19T01:00:00+02:00","James: A Novel"
"Jeffrey Eugenides","","9780747560593","1993-01-01T01:00:00+02:00","The Virgin Suicides"
"Freida McFadden","","1728296226","2024-01-01T02:00:00+02:00","The Boyfriend"
"Cassandra Clare","","9781442416864","2012-01-01T01:00:00+02:00","City of Lost Souls"
"Cassandra Clare","","9781442403543","2010-01-01T01:00:00+02:00","City of Fallen Angels"
"Cassandra Clare","","9781416914297","2008-01-01T01:00:00+02:00","City of Ashes"
"Cassandra Clare","","9781416914303","2009-01-01T01:00:00+02:00","City of Glass"
"Cassandra Clare","","9781416914280","2007-01-01T01:00:00+02:00","City of Bones"
"Markus Zusak","mobi","","2005-01-01T02:00:00+02:00","The Book Thief"
"Jennifer Niven","","9780385755900","2015-01-01T01:00:00+02:00","All the Bright Places"
"V. E. Schwab","","9781250183507","2013-01-01T01:00:00+02:00","Vicious"
"Khaled Hosseini","","1594489505","2007-01-01T02:00:00+02:00","A Thousand Splendid Suns"
"Khaled Hosseini","","","2003-01-01T02:00:00+02:00","The Kite Runner"
"Elle Cosimano","","9781250241702","2021-01-01T01:00:00+02:00","Finlay Donovan Is Killing It"
"Stephanie Foo","","9780593238103","2022-02-22T01:00:00+02:00","What My Bones Know: A Memoir of Healing From Complex Trauma"
"Nina Lykke","","824952151X","2019-01-01T02:00:00+02:00","Full Spredning"
"Edvard Hoem","","9788249505142","2007-12-15T01:00:00+02:00","Mors og fars historie"
"Haruki Murakami","","9781448103737","2007-10-15T01:00:00+02:00","What I Talk About When I Talk About Running"
"Amalie Skram","","","1887-01-01T02:00:00+02:00","Sjur Gabriel (Hellemyrsfolket #1)"
"Amalie Skram","","8283191357","1885-01-01T02:00:00+02:00","Karens Jul"
"Ernest Hemingway","","0684830493","1952-01-01T02:00:00+02:00","The Old Man and the Sea"
"Heidi Linde","","8205539294","2020-01-01T02:00:00+02:00","Hva Hun Klager Over Når Hun Klager Over Husarbeidet"
"Vigdis Hjorth","","9788202762735","2022-08-16T01:00:00+02:00","Femten År. Den Revolusjonære Våren"
"Vigdis Hjorth","","9788202671822","2020-01-01T01:00:00+02:00","Er mor død"
"Vigdis Hjorth","","9788202512736","2016-01-01T01:00:00+02:00","Arv og miljø"
"Vigdis Hjorth","","9788202801328","2023-08-14T01:00:00+02:00","Gjentakelsen"
"Helga Flatland","","9788203362361","2017-08-01T01:00:00+02:00","En moderne familie"
"Karl Ove Knausgård","","8252574580","2009-01-01T02:00:00+02:00","Min Kamp 1 (Min Kamp, #1)"
"Maja Lunde","epub","8203359353","2015-01-01T02:00:00+02:00","Bienes Historie (Klimakvartetten, #1)"
"Tarjei Vesaas","","8205367078","1957-01-01T02:00:00+02:00","Fuglane"
"Edvard Hoem","epub, mobi","9788249518883","2017-12-15T01:00:00+02:00","Liv andre har levd"
"Lars Mytting","","8205539057","2020-01-01T02:00:00+02:00","Hekneveven (Hekne, #2)"
"Lars Mytting","","8205569797","2023-01-01T02:00:00+02:00","Skråpånatta"
"Matthew Desmond","","9780593239919","2023-03-21T01:00:00+02:00","Poverty, by America"
"Kate Moore","","149264935X","2016-01-01T02:00:00+02:00","The Radium Girls: The Dark Story of America’s Shining Women"
"Margaret Atwood","azw3, epub","","2019-01-01T02:00:00+02:00","The Testaments (The Handmaid's Tale, #2)"
"Lisa Jewell","","1982179007","2023-01-01T02:00:00+02:00","None of This Is True"
"Kc Davis Lpc","","9781668002858","2022-04-26T01:00:00+02:00","How to Keep House While Drowning"
"Peter Attia & Bill Gifford","","9780593236598","2023-03-28T01:00:00+02:00","Outlive: The Science & Art of Longevity"
"Bessel van der Kolk","","0670785938","2014-01-01T02:00:00+02:00","The Body Keeps the Score: Brain, Mind, and Body in the Healing of Trauma"
"Amanda Montell","","0062993151","2021-01-01T02:00:00+02:00","Cultish: The Language of Fanaticism"
"Morgan Housel","","0857197681","2020-01-01T02:00:00+02:00","The Psychology of Money"
"Rashid Khalidi","","1250787653","2020-01-01T02:00:00+02:00","The Hundred Years' War on Palestine"
"Lori Gottlieb","","1328662055","2019-01-01T02:00:00+02:00","Maybe You Should Talk to Someone"
"Tara Westover","","","2018-01-01T02:00:00+02:00","Educated"
"Michelle Zauner","","9780525657743","2021-04-20T01:00:00+02:00","Crying in H Mart"
"Holly Black","","9780316310284","2018-01-01T01:00:00+02:00","The Cruel Prince"
"Hannah Grace","","","2022-01-01T02:00:00+02:00","Icebreaker (UCMH, #1)"
"Silvia Moreno-Garcia","","","2020-01-01T02:00:00+02:00","Mexican Gothic"
"Jacqueline Harpman","","152911179X","1995-01-01T02:00:00+02:00","I Who Have Never Known Men"
"Amal El-Mohtar & Max Gladstone","","9781534430990","2019-01-01T01:00:00+02:00","This Is How You Lose the Time War"
"SenLinYu","","","2000-01-01T02:00:00+02:00","Manacled"
"Madeline Miller","","0316556343","2018-01-01T02:00:00+02:00","Circe"
"R. F. Kuang","","9780063021426","2022-01-01T01:00:00+02:00","Babel"
"Jessica Knoll","","1501153226","2023-01-01T02:00:00+02:00","Bright Young Women"
"Alice Feeney","","9781250266101","2021-01-01T01:00:00+02:00","Rock Paper Scissors"
"Nita Prose","","","2022-01-01T02:00:00+02:00","The Maid (Molly the Maid, #1)"
"Alex Michaelides","azw3, epub","1250301696","2019-01-01T02:00:00+02:00","The Silent Patient"
"Freida McFadden","","1803144378","2022-01-01T02:00:00+02:00","The Housemaid (The Housemaid, #1)"
"Amanda Peters","","1646221958","2023-01-01T02:00:00+02:00","The Berry Pickers"
"Abraham Verghese","","0802162177","2023-01-01T02:00:00+02:00","The Covenant of Water"
"Taylor Jenkins Reid","","9781524798628","2019-01-01T01:00:00+02:00","Daisy Jones & the Six"
"Bonnie Garmus","","9780385549400","2022-01-01T01:00:00+02:00","Lessons in Chemistry"
"Taylor Jenkins Reid","","0593158687","2022-01-01T02:00:00+02:00","Carrie Soto Is Back"
"Andrew D. Huberman","","1668032147","0101-01-01T02:00:00+02:00","Protocols: An Operating Manual for the Human Body"
"John Green","","0525556575","2025-01-01T02:00:00+02:00","Everything Is Tuberculosis: The History and Persistence of Our Deadliest Infection"
"Imani Perry","","0062977393","2025-01-01T02:00:00+02:00","Black in Blues: How a Color Tells the Story of My People"
"Brad Meltzer","","1250790573","2025-01-01T02:00:00+02:00","The JFK Conspiracy: The Secret Plot to Kill Kennedy―and Why It Failed"
"Kari Ferrell","","9781250288226","0101-01-01T02:00:00+02:00","You'll Never Believe Me: A Life of Lies, Second Tries, and Things I Should Only Tell My Therapist"
"Patrice Caldwell","","9781250815347","2025-01-01T01:00:00+02:00","Where Shadows Meet"
"Trang Thanh Tran","","1547611111","2025-01-01T02:00:00+02:00","They Bloom at Night"
"Jennifer L. Armentrout","","9781963135411","2025-06-10T01:00:00+02:00","The Primal of Blood and Bone"
"Rachel Gillig","","0356522962","2025-01-01T02:00:00+02:00","The Knight and the Moth (The Stonewater Kingdom, #1)"
"Amalie Howard","","0063355841","2025-01-01T02:00:00+02:00","The Starlight Heir"
"Hannah Bonam-Young","","9780593871867","2025-01-01T01:00:00+02:00","Out of the Woods"
"Eowyn Ivey","","0593231023","2025-01-01T02:00:00+02:00","Black Woods, Blue Sky"
"Samantha Sotto Yambao","","9780593724996","2025-01-01T01:00:00+02:00","Water Moon"
"Ashley Winstead","","1728270006","2025-01-01T02:00:00+02:00","This Book Will Bury Me"
"Marie Benedict","","9781250280756","2025-01-01T01:00:00+02:00","The Queens of Crime"
"Alice Feeney","","9781250337788","2025-01-01T01:00:00+02:00","Beautiful Ugly"
"Ocean Vuong","","059383187X","2025-01-01T02:00:00+02:00","The Emperor of Gladness"
"Fredrik Backman","","9781476738017","2012-08-27T01:00:00+02:00","A Man Called Ove"
"Fredrik Backman","","9781982112820","2025-01-01T01:00:00+02:00","My Friends"
"Florence Knapp","","0593833902","2025-01-01T02:00:00+02:00","The Names"
"Sarah Damoff","","9781668061442","2025-01-01T01:00:00+02:00","The Bright Years"
"Charlotte McConaghy","","9781250827951","2025-01-01T01:00:00+02:00","Wild Dark Shore"
"Chimamanda Ngozi Adichie","","9780593802731","2025-03-04T01:00:00+02:00","Dream Count: A Novel"
"Anne Tyler","","0593803485","2025-01-01T02:00:00+02:00","Three Days in June"
"Charmaine Wilkerson","","0593358368","2025-01-01T02:00:00+02:00","Good Dirt"
"Fiona Davis","","9780593474273","2025-01-01T01:00:00+02:00","The Stolen Queen"
"Diana Gabaldon","","9780553392111","2014-04-15T01:00:00+02:00","The Space Between"
"Suzanne Collins","","9781407132105","2010-01-01T01:00:00+02:00","Mockingjay"
"Suzanne Collins","","9781407132099","2009-01-01T01:00:00+02:00","Catching Fire"
"Suzanne Collins","","9780439023528","0101-01-01T02:00:00+02:00","The Hunger Games"
"Lynda Cohen Loigman","","1250278104","2024-01-01T02:00:00+02:00","The Love Elixir of Augusta Stern"
"Sara Goodman Confino","","9781662517716","2024-01-01T01:00:00+02:00","Behind Every Good Man"
"Elif Shafak","","0593801717","2024-01-01T02:00:00+02:00","There Are Rivers in the Sky"
"Xóchitl González","","1250786215","2024-01-01T02:00:00+02:00","Anita De Monte Laughs Last"
"Silvia Moreno-Garcia","","0593600266","2024-01-01T02:00:00+02:00","The Seventh Veil of Salome"
"Marjan Kamali","","1668036584","2024-01-01T02:00:00+02:00","The Lion Women of Tehran"
"Madeline Martin","","1335015132","2024-01-01T02:00:00+02:00","The Booklover's Library"
"Laurie Gilmore","","9780008641580","2024-01-01T01:00:00+02:00","The Cinnamon Bun Book Store"
"Alexis Henderson","","9780593638309","2024-09-01T01:00:00+02:00","An Academy for Liars"
"Leigh Bardugo","","9781250884251","2024-01-01T01:00:00+02:00","The Familiar"
"Kathleen Sheppard","","9781250284358","2024-07-16T01:00:00+02:00","Women in the Valley of the Kings: The Untold Story of Women Egyptologists in the Gilded Age"
"Yuval Noah Harari","azw3, epub","059373422X","2024-01-01T02:00:00+02:00","Nexus: A Brief History of Information Networks From the Stone Age to AI"
"Evan Friss","","9780593299920","2024-08-06T01:00:00+02:00","The Bookshop: A History of the American Bookstore"
"Elizabeth Comen","","9780063293014","2024-02-13T01:00:00+02:00","All in Her Head: The Truth and Lies Early Medicine Taught Us About Women's Bodies and Why It Matters Today"
"Rufi Thorpe","","0063356589","2024-01-01T02:00:00+02:00","Margo's Got Money Troubles"
"Dolly Alderton","","9780241523674","2023-01-01T01:00:00+02:00","Good Material"
"Liane Moriarty","","0593798600","2024-01-01T02:00:00+02:00","Here One Moment"
"Coco Mellors","","0593723767","2024-01-01T02:00:00+02:00","Blue Sisters"
"Alison Espach","","9781399622752","2024-01-01T01:00:00+02:00","The Wedding People"
"Beatriz Williams","","0593724224","2024-01-01T02:00:00+02:00","Husbands & Lovers"
"Jodi Picoult","","059349721X","2024-01-01T02:00:00+02:00","By Any Other Name"
"Jonathan Haidt","","0593655036","2024-01-01T02:00:00+02:00","The Anxious Generation: How the Great Rewiring of Childhood Caused an Epidemic of Mental Illness"
"Kristin Hannah","","","2018-01-01T02:00:00+02:00","The Great Alone"
"Edvard Hoem","","9788252590647","2020-11-03T09:28:21+02:00","Felemakaren"
"Edvard Hoem","","9788249519804","2018-11-30T01:11:44+02:00","Jordmor på jorda: huset under Blåhammaren"
"Frank Herbert","azw3, epub, original_epub","9780593098233","1969-01-01T01:00:00+02:00","Dune Messiah"
"Rebecca Ross","","1250857430","2023-01-01T02:00:00+02:00","Divine Rivals (Letters of Enchantment, #1)"
"Charlaine Harris","","9780441008537","2001-01-01T01:00:00+02:00","Dead Until Dark"
"Donald A. Norman","azw3, epub","","1988-01-01T02:00:00+02:00","The Design of Everyday Things"
"Karen Tang","","1250894158","2024-01-01T02:00:00+02:00","It's Not Hysteria: Everything You Need to Know About Your Reproductive Health (But Were Never Told)"
"Raven Kennedy","azw3, epub","","2024-01-01T02:00:00+02:00","Goldfinch (The Plated Prisoner, #6)"
"Raven Kennedy","azw3, epub","","2022-01-01T02:00:00+02:00","Glow (The Plated Prisoner, #4)"
"Raven Kennedy","azw3, epub","","2021-01-01T02:00:00+02:00","Gleam (The Plated Prisoner, #3)"
"Raven Kennedy","azw3, epub","","2020-01-01T02:00:00+02:00","Gild (The Plated Prisoner, #1)"
"Raven Kennedy","azw3, epub","","2022-01-01T02:00:00+02:00","Glint (The Plated Prisoner, #2)"
"Raven Kennedy","azw3, epub","1464224455","2023-01-01T02:00:00+02:00","Gold (The Plated Prisoner, #5)"
"Sally Rooney","azw3, epub","0374602638","2024-01-01T02:00:00+02:00","Intermezzo"
"Kristin Hannah","","1250178630","2024-10-30T13:21:05+02:00","The Women"
"Sönke Ahrens","azw3, epub","9783982438818","2022-03-11T01:00:00+02:00","How to Take Smart Notes"
"Brenna Yovanoff","","9781595143396","2011-11-14T01:00:00+02:00","The Space Between"
"Jessica Maguire","","9781538757123","2024-08-14T01:38:11+02:00","The Nervous System Reset: Heal Trauma, Resolve Chronic Pain, and Regulate Your Emotions With the Power of the Vagus Nerve"
"Inga Strümke","","9788248932505","2023-04-21T09:00:00+02:00","Maskiner som tenker"
"Elena Ferrante","","9781609458638","2012-09-25T06:38:10+02:00","My Brilliant Friend"
"Anne-Britt Harsem","","9788202771478","2023-03-02T01:00:00+02:00","Din Vilje Skje"
"Anita Østerbø","","9788230350072","2021-01-01T10:00:00+02:00","Skammens mødre"
"Kristin Leer","","9788202662349","2021-09-06T09:00:00+02:00","ADHD. 7 Veier Til Ny Forståelse"
"Mathilde Okkenhaug Pilskog","","9788242977861","2023-11-09T10:00:00+02:00","Syklusboka: fra skam til styrke"
"Julia Quinn","","","2002-07-01T01:00:00+02:00","Romancing Mister Bridgerton: Bridgertons, Book 4"
"Julia Quinn","","","2000-12-05T01:00:00+02:00","Bridgerton: The Viscount Who Loved Me"
"Atle Næss","","9788205573062","2022-08-08T01:00:00+02:00","Det glemte århundre"
"Julia Quinn","","9780063142121","2021-05-04T01:00:00+02:00","The Duke and I: Bridgerton"
"Dolly Alderton","","9780062968784","2018-02-01T01:00:00+02:00","Everything I Know About Love"
"Hanya Yanagihara","azw3, epub","9780385539265","2024-01-15T00:59:15+02:00","A Little Life"
"Anne Spurkland","","9788243013766","2021-01-01T01:00:00+02:00","Frisk nok - håndbok i immunforsvar"
"Unknown","","","2023-06-26T01:43:37+02:00","Crying in H Mart: The Number One New York Times Bestseller"
"Unknown","","","2023-06-22T19:08:12+02:00","Å Sette Sammen Bitene: Min Historie Om Vold, Skam Og Reparasjon"
"Gert Nygårdshaug","","9788418067808","1989-01-01T10:00:00+02:00","Mengele Zoo"
"David Lagercrantz","","9788281691704","2011-11-11T06:35:02+02:00","JEG ER ZLATAN"
"Veslemøy Kjendsli","","9788240300081","1986-01-01T10:00:00+02:00","Skammens barn: Dokumentarroman"
"J. K. Rowling","","9788202523282","2003-06-21T09:00:00+02:00","Harry Potter og Føniksordenen"
"Erika Fatland","","9788248914853","2014-01-01T10:00:00+02:00","Sovjetistan"
"Camilla Wandahl","","9788763850346","2017-02-10T10:00:00+02:00","Mens Alle Andre Kysser"
"Christie Golden","","9780743467544","2003-06-01T09:00:00+02:00","Homecoming"
"Knut Storberget","","9788203293269","2012-01-01T10:00:00+02:00","Det Er Dine Øyne Jeg Ser: Om Forbrytelse, Straff Og Forsoning"
"Yuval Noah Harari","","9788202586997","2018-09-04T09:00:00+02:00","21 tanker for det 21. århundre"
"Bill Pronzini","","9781612321042","2011-10-15T06:37:24+02:00","The Stalker"
"Yuval Noah Harari","","9788280878021","2017-12-15T06:37:39+02:00","Sapiens: en kort historie om menneskeheten"
"Arne Strand & Are Lervik","","9788202444815","2014-10-10T09:00:00+02:00","Exphil før eksamen"
"Unknown","","","2020-03-29T16:31:49+02:00","I All Evighet - Del 2"
"Unknown","","","2020-03-28T16:16:24+02:00","I All Evighet - Del 1"
"Kathleen Grissom","","9788202528546","2016-01-01T10:00:00+02:00","Mellom to Verdener"
"Santa Montefiore","","9788283131536","2017-04-03T09:00:00+02:00","Slottets siste hemmelighet"
"Santa Montefiore","","9788283131475","2016-07-14T09:00:00+02:00","Deverillslottets døtre"
"Jan Guillou","","9788241917400","2018-08-29T09:00:00+02:00","De Som Dreper Drømmer Sover Aldri"
"Karin Fossum","","9788202529130","2012-02-23T10:00:00+02:00","Hviskeren"
"Vigdis Hjorth","","9788202188658","2000-01-01T10:00:00+02:00","Hva er det med mor"
"r.h. Sin","azw3, epub","","2017-07-25T01:00:00+02:00","A Beautiful Composition of Broken"
"George Orwell","azw3, epub","9780547249643","1983-10-17T01:00:00+02:00","1984"
"George Orwell","azw3, epub","","2021-01-07T01:00:00+02:00","1984 (Nineteen Eighty-Four) with Quoates"
"Caroline Peckham & Susanne Valenti","azw3, epub","9781914425028","2019-01-01T01:00:00+02:00","The Awakening"
"Caroline Peckham & Valenti","azw3, epub","9781914425080","2021-10-12T01:00:00+02:00","Fated Throne"
"Caroline Peckham & Susanne Valenti","azw3, epub","","2022-12-11T01:00:00+02:00","Zodiac Academy 8: Sorrow and Starlight"
"Sarfraz Zaidi MD","azw3, epub","","2015-08-15T01:00:00+02:00","You Are Not Who You Think You Are: Poems that can awaken you"
"Caroline Kepnes","azw3, epub","147113735X","2014-09-30T01:00:00+02:00","You: A Novel"
"Emily Bleeker","azw3, epub","","2015-03-01T01:00:00+02:00","Wreckage"
"Nikita Rogers","azw3, epub","","2021-10-22T01:00:00+02:00","Whisper of Witches (The Whisper of Witches series Book 1)"
"r.h. Sin","azw3, epub","","2017-04-04T01:00:00+02:00","Whiskey Words & a Shovel III: 3"
"r.h. Sin","azw3, epub","","2016-06-07T01:00:00+02:00","Whiskey Words & a Shovel II: 2"
"Cassandra Clare & Sarah Rees Brennan","azw3, epub","9781442494787","2013-04-16T01:00:00+02:00","What Really Happened in Peru (The Bane Chronicles )"
"Josh Sundquist","azw3, epub","","2014-12-23T01:00:00+02:00","We Should Hang Out Sometime: Embarrassingly, a true story"
"Clarissa Pinkola Estes","azw3, epub","","2017-02-01T01:00:00+02:00","Women Who Run With the Wolves: Myths and Stories of the Wild Woman Archetype"
"Brien Feathers","azw3, epub","","2023-05-03T01:00:00+02:00","Warlock of Muscovy (Sun War Trilogy)"
"Jennae Cecelia","azw3, epub","","2016-10-14T01:00:00+02:00","Uncaged Wallflower"
"Ken Follett","azw3, epub","","2012-09-18T01:00:00+02:00","Winter of the World (The Century Trilogy, Book 2)"
"Colleen Hoover","azw3, epub","","2014-08-05T01:00:00+02:00","Ugly Love: A Novel"
"Khaled Hosseini","epub","","2011-12-21T01:00:00+02:00","Tusen strålende soler"
"Alberto Cairo","azw3, epub","","2016-02-08T01:00:00+02:00","Truthful Art, The (Voices That Matter)"
"Liz Czukas","azw3, epub","","2014-12-09T01:00:00+02:00","Top Ten Clues You're Clueless"
"Kell Frillman","azw3, epub","","2023-10-31T01:00:00+02:00","Tragic Kingdoms: The Dark & The Damned - Novel One"
"Sarah J. Maas","azw3, epub","1639731040","2017-09-05T01:00:00+02:00","Tower of Dawn (Throne of Glass)"
"Sarah J. Maas","azw3, epub","9781408832332","2012-08-02T01:00:00+02:00","Throne of Glass: 1"
"Elena Ferrante","azw3, epub","","2014-09-02T01:00:00+02:00","Those Who Leave and Those Who Stay: Neapolitan Novels, Book Three"
"Heidi Priebe","azw3, epub","","2016-04-08T01:00:00+02:00","This Is Me Letting You Go"
"Tore Renberg","epub","9788202645625","2020-08-31T00:00:00+02:00","Tollak Til Ingeborg"
"Jay Asher","azw3, epub","","2011-06-14T01:00:00+02:00","Thirteen Reasons Why"
"Tahereh Mafi","azw3, epub","","2022-02-03T01:00:00+02:00","This Woven Kingdom: the brand new YA fantasy romance series from the author of TikTok Made Me Buy It sensation, Shatter Me (This Woven Kingdom)"
"Jamie Applegate Hunter","azw3, epub","9781959285526","2022-09-20T01:00:00+02:00","The Umbra King (Vincula Realm Book 1)"
"William Shakespeare","azw3, epub","","2014-07-24T01:00:00+02:00","The Tragedy of Romeo and Juliet (Illustrated)"
"K. L. Walther","azw3, epub","9781728210308","2021-05-04T01:00:00+02:00","The Summer of Broken Rules"
"Sara Sellers","azw3, epub","","2023-10-19T01:00:00+02:00","The Storm King: An Enemies to Lovers Fantasy Romance"
"L.J Kerry","azw3, epub","","2022-05-01T01:00:00+02:00","The Stars Plot Revenge (The Fallasingha Chronicles Book 1)"
"Elena Ferrante","azw3, epub","","2015-09-01T01:00:00+02:00","The Story of the Lost Child: Neapolitan Novels, Book Four"
"Elena Ferrante","azw3, epub","","2013-09-03T01:00:00+02:00","The Story of a New Name (Neapolitan Novels Book 2)"
"Anna Lynn Hammar","azw3, epub","","2022-02-16T01:00:00+02:00","The Shield of Hope: Book One (The Cursed Fates 1)"
"Donna Tartt","azw3, epub","1400031702","2011-10-19T01:00:00+02:00","The Secret History (Vintage Contemporaries)"
"D.L. Blade","azw3, epub","","2023-07-07T01:00:00+02:00","The Sea of Zemira: An Epic Fantasy Romance (The Zemiran Chronicles Book 1)"
"Philip Pullman","azw3, epub","9780241373361","2019-10-03T01:00:00+02:00","The Secret Commonwealth: The Book of Dust Volume Two (Book of Dust 2)"
"Melanie Davies","azw3, epub","9798776342301","2022-03-29T01:00:00+02:00","The Sapphire Oath (The Nimra World Book 1)"
"Aimie K. Runyan","azw3, epub","","2022-04-26T01:00:00+02:00","The School for German Brides"
"Kristen S. Walker","azw3, epub","","2020-01-13T01:00:00+02:00","The Reluctant Witch: Year One (Santa Cruz Witch Academy Book 1)"
"Stephen King","azw3, epub","","2008-06-24T01:00:00+02:00","The Stand"
"S.T. Abby","mobi","","2016-11-29T01:00:00+02:00","The Risk (Mindf*ck Series #1)"
"Tiago Forte","azw3, epub","","2023-08-15T01:00:00+02:00","The PARA Method: Simplify, Organize, and Master Your Digital Life"
"Nicholas Sparks","azw3, epub","","2011-04-07T01:00:00+02:00","The Notebook: The love story to end all love stories (Calhoun Family Saga)"
"Cassandra Clare","azw3, epub","9781406355062","2014-05-28T01:00:00+02:00","The Mortal Instruments 6: City of Heavenly Fire"
"James Dashner","azw3, epub","9780375893773","2009-09-25T01:00:00+02:00","The Maze Runner (The Maze Runner, Book 1)"
"Rick Riordan","azw3, epub","9780141967561","2012-10-02T01:00:00+02:00","The Mark of Athena (Heroes of Olympus Book 3) (Heroes Of Olympus Series)"
"Sarah Penner","azw3, epub","","2023-03-07T01:00:00+02:00","The London Séance Society"
"Dawn Lanuza","azw3, epub","","2016-11-05T01:00:00+02:00","The Last Time I'll Write About You"
"Nigel Poulton","azw3, epub","","2017-06-18T01:00:00+02:00","The Kubernetes Book: 2024 Edition"
"Diana Gabaldon","azw3, epub","","2015-04-28T01:00:00+02:00","The Outlander Series Bundle: Books 1, 2, 3, and 4 (Outlander Bundle)"
"Natalie Jenner","azw3, epub","9781409194132","2020-05-28T01:00:00+02:00","The Jane Austen Society: The internationally bestselling debut that has won readers' hearts in 2021"
"Rick Riordan","azw3, epub","9780141352039","2013-07-04T01:00:00+02:00","The Kane Chronicles: The Complete Series (Books 1, 2, 3)"
"Hannah E Carey","azw3, epub","","2020-01-31T01:00:00+02:00","The Hunter: Tales of Pern Coen"
"Diana Gabaldon","azw3, epub","","2015-10-13T01:00:00+02:00","The Outlander Series Bundle: Books 5, 6, 7, and 8 (Outlander Bundle)"
"Charlotte Pike","azw3, epub","","2013-08-01T01:00:00+02:00","The Hungry Student Vegetarian Cookbook"
"Tracy Sumner","azw3, epub","","2022-12-03T01:00:00+02:00","The Governess Gamble (The Duchess Society Book 7)"
"Nora Sakavic","azw3, epub","","2013-07-30T01:00:00+02:00","The Foxhole Court (All for the Game Book 1)"
"Rick Riordan","azw3, epub","","2013-10-08T01:00:00+02:00","The House of Hades (The Heros of Olympus, Book 4)"
"Annabelle Forest","azw3, epub","9781471136696","2014-08-14T01:00:00+02:00","The Devil on the Doorstep: My Escape From a Satanic Sex Cult"
"Maggie Stiefvater","azw3, epub","","2013-09-17T01:00:00+02:00","The Dream Thieves (The Raven Cycle, Book 2)"
"William Shakespeare","azw3, epub","","2014-01-17T01:00:00+02:00","The Complete Works of William Shakespeare (37 plays, 160 sonnets and 5 Poetry Books With Active Table of Contents)"
"K. Y. Robinson","azw3, epub","","2016-06-05T01:00:00+02:00","The Chaos of Longing"
"Dot Hutchison","azw3, epub","9781503934719","2016-06-01T01:00:00+02:00","The Butterfly Garden (The Collector Book 1)"
"Rick Riordan","azw3, epub","9780141339238","2014-10-07T01:00:00+02:00","The Blood of Olympus (Heroes of Olympus Book 5) (Heroes Of Olympus Series)"
"Suzanne Collins","azw3, epub","9780702309519","2020-05-19T01:00:00+02:00","The Ballad of Songbirds and Snakes (A Hunger Games Novel)"
"Ned Vizzini","azw3, epub","9780307815545","2012-02-29T01:00:00+02:00","Teen Angst? Naaah . . ."
"Brittainy Cherry","azw3, epub","","2015-09-25T01:00:00+02:00","The Air He Breathes"
"Alicia Cook","azw3, epub","","2017-04-11T01:00:00+02:00","Stuff I've Been Feeling Lately"
"Jolie Vines","azw3, epub","","2020-10-15T01:00:00+02:00","Stubborn Spark (Wild Scots, #5)"
"Susan Peirce Thompson","epub","9788299961424","2017-03-21T00:00:00+02:00","Spis deg fri med Bright line eating"
"J. K. Rowling","azw3, epub","9781781106280","2016-09-06T01:00:00+02:00","Short Stories From Hogwarts of Heroism, Hardship and Dangerous Hobbies"
"Julie Murphy","azw3, epub","","2014-03-18T01:00:00+02:00","Side Effects May Vary"
"Leigh Bardugo","azw3, epub","","2013-06-04T01:00:00+02:00","Siege and Storm (The Shadow and Bone Trilogy Book 2)"
"nayyirah waheed","mobi","","2013-10-11T01:00:00+02:00","salt."
"R. Valentine","mobi","","2018-05-25T01:00:00+02:00","Revenant: A Dark Paranormal Romance For Adults (The War of Blood and Roses Book 1)"
"Leigh Bardugo","azw3, epub","0805094598","2012-06-05T01:00:00+02:00","Shadow and Bone (The Shadow and Bone Trilogy Book 1)"
"Matt Bell","azw3, epub","","2022-03-08T01:00:00+02:00","Refuse to Be Done: How to Write and Rewrite a Novel in Three Drafts"
"Claire Wright","azw3, epub","","2022-10-03T01:00:00+02:00","Realm of Lore and Lies"
"Thought Catalog","azw3, epub","","2016-04-28T01:00:00+02:00","Read This If: A Collection of Essays that Prove Someone Else Gets it, Too"
"Margit Sandemo","epub","978-82-516-7977-0","2014-10-02T01:00:00+02:00","Ravnens vinger"
"Francine Rivers","azw3, epub","","2009-07-29T01:00:00+02:00","Redeeming Love"
"Kimberly McCreight","azw3, epub","","2013-04-02T01:00:00+02:00","Reconstructing Amelia: A Novel"
"Briar Boleyn","azw3, epub","","2023-04-15T01:00:00+02:00","Queen of Roses: A Dark Fae Fantasy Romance (Blood of a Fae Book 1)"
"K A Alexandra","azw3, epub","","2023-09-15T01:00:00+02:00","PYTHON LANGUAGE BASIC PROGRAMS: Programming for Beginners | Data Science Handbook | Engineering and Statistics"
"Blaise Yonga","azw3, epub","","2023-09-15T01:00:00+02:00","Python for Machine Learning: A Practical Guide"
"Maja Lunde","epub","9788203365157","2019-09-01T00:00:00+02:00","Przewalskis hest"
"Sara Cate","azw3, epub","","2022-03-17T01:00:00+02:00","Praise (Salacious Players' Club)"
"Jolie Vines","azw3, epub","","2020-01-30T01:00:00+02:00","Perfect Storm (Wild Scots, #2)"
"Piper Kerman","azw3, epub","9780385530262","2010-04-06T01:00:00+02:00","Orange Is the New Black: My Year in a Women's Prison"
"Ashlyn Rudd","azw3, epub","","2023-08-03T01:00:00+02:00","Of Secrets and Beginnings (Beginnings and Endings Series Book 1)"
"Redd Mercury","azw3, epub","","2020-10-20T01:00:00+02:00","Melody of Darkness (Spartan Academy Book 1)"
"Melinda Leigh","azw3, epub","","2015-06-30T01:00:00+02:00","Minutes to Kill (Scarlet Falls)"
"Martha Stewart Living","azw3, epub","9780307954572","2013-01-08T01:00:00+02:00","Meatless: More Than 200 of the Very Best Vegetarian Recipes"
"Anne-Britt Harsem","epub","9788282810623","2012-12-15T01:00:00+02:00","Mammas svik"
"William Golding","azw3, epub","","1959-07-27T01:00:00+02:00","Lord of the Flies"
"Michelle Phan","mobi","9780804137355","2014-10-21T01:00:00+02:00","Make Up (Enhanced Edition)"
"Jolie Vines","azw3, epub","","2020-04-25T01:00:00+02:00","Lion Heart (Wild Scots, #3)"
"John D. Inazu","azw3, epub","","2024-04-02T01:00:00+02:00","Learning to Disagree"
"T.R. Sharrow","mobi","","2023-05-26T01:00:00+02:00","Life After Death: A Faerie Tale (Faerie Tales Book 1)"
"Clara Elroy","azw3, epub","9786188533806","2021-03-26T01:00:00+02:00","Kiss of War: An Enemies-to-Lovers Romance (City of Stars Book 1)"
"Eva Ashwood","azw3, epub","","2021-07-09T01:00:00+02:00","Kings of Chaos: A Dark Romance (Dirty Broken Savages Book 1)"
"Mathiesen, Anniken Lien","epub","978-82-03-37630-6","2021-09-13T01:00:00+02:00","Kjærlighetsmønster"
"Philip Pullman","azw3, epub","9780241365854","2017-10-19T01:00:00+02:00","La Belle Sauvage: The Book of Dust Volume One (Book of Dust Series)"
"Sarah J. Maas","azw3, epub","9781526660893","2018-10-23T01:00:00+02:00","Kingdom of Ash (Throne of Glass)"
"Charlotte Brontë","azw3, epub","9781542097574","2017-07-11T01:00:00+02:00","Jane Eyre (AmazonClassics Edition)"
"Ruby Dixon","azw3, epub","","2015-04-03T01:00:00+02:00","Ice Planet Barbarians"
"Iain S. Thomas & Jon Ellis","azw3, epub","","2011-12-01T01:00:00+02:00","I Wrote This For You"
"r.h. Sin","azw3, epub","","2017-12-17T01:00:00+02:00","I hope this reaches her in time"
"Joshua Duffney","azw3, epub","","2022-08-15T01:00:00+02:00","How to Take Smart Notes in Obsidian"
"Anne-Britt Harsem","epub","9788282810791","2015-12-15T01:00:00+02:00","I et hus i Alvdal – Eldstesønnens historie"
"Fiola Publishing","mobi","","2023-03-19T01:00:00+02:00","How to Take Smart Notes in Obsidian Beginner to Advance Techniques: Templates, Tagging, Folding, Embedding, digital Zettelkasten and Mind Mapping with Canvas Plugin"
"George Watsky","azw3, epub","","2016-06-14T01:00:00+02:00","How to Ruin Everything"
"Sarah J. Maas","azw3, epub","9781408884423","2022-02-15T01:00:00+02:00","House of Sky and Breath (Crescent City)"
"Sarah J. Maas","azw3, epub","9781408884447","2024-01-30T01:00:00+02:00","House of Flame and Shadow (Crescent City)"
"M.C. Frank","azw3, epub","","2023-03-15T01:00:00+02:00","Hooked: Peter Pan falls for Captain Hook's daughter"
"Sarah J. Maas","azw3, epub","9781635574043","2020-03-03T01:00:00+02:00","House of Earth and Blood (Crescent City)"
"J. K. Rowling","azw3, epub","9781781106273","2016-09-06T01:00:00+02:00","Hogwarts: An Incomplete and Unreliable Guide"
"Amanda Berry & Gina DeJesus & Mary Jordan & Kevin Sullivan","azw3, epub","","2015-04-27T01:00:00+02:00","Hope: A Memoir of Survival in Cleveland"
"River Bennet","azw3, epub","","2023-11-10T01:00:00+02:00","Heroines of Olympus"
"Emily Fridlund","azw3, epub","9780802189776","2017-01-03T01:00:00+02:00","History of Wolves"
"Rick Riordan","azw3, epub","9780141967554","2011-10-04T01:00:00+02:00","Heroes of Olympus: The Son of Neptune (Heroes Of Olympus Series Book 2)"
"Rick Riordan","azw3, epub","9780141965550","2010-10-12T01:00:00+02:00","Heroes of Olympus: The Lost Hero: 1 (Heroes Of Olympus Series)"
"Edgar Holmes","azw3, epub","","2017-11-22T01:00:00+02:00","Her Favorite Color Was Yellow"
"Philip Pullman","azw3, epub","9781448197705","2015-11-20T01:00:00+02:00","His Dark Materials: The Complete Collection"
"Frank Herbert","azw3, epub","","1987-08-15T01:00:00+02:00","Heretics of Dune"
"Sarah J. Maas","azw3, epub","9781408839126","2014-09-11T01:00:00+02:00","Heir of Fire (Throne of Glass Book 3)"
"J. K. Rowling","azw3, epub","9780747532699","1997-01-01T01:00:00+02:00","Harry Potter and the Philosopher's Stone"
"J. K. Rowling","azw3, epub","","2005-07-16T01:00:00+02:00","Harry Potter & the Halfblood Prince Delu"
"Bloomsbury & J. K. Rowling","azw3, epub","9780747569374","2003-12-15T01:00:00+02:00","Harry Potter and the Order of the Phoenix"
"Jolie Vines","azw3, epub","","2019-12-12T01:00:00+02:00","Hard Nox (Wild Scots, #1)"
"Jacob Grimm & Wilhelm Grimm","mobi","","2011-05-17T01:00:00+02:00","Grimm's Fairy Tales Illustrated: 200 tales with 50 illustrations"
"J. K. Rowling","azw3, epub","9781408845653","1998-01-01T01:00:00+02:00","Harry Potter and the Chamber of Secrets"
"Gillian Flynn","azw3, epub","9780297859406","2012-05-24T01:00:00+02:00","Gone Girl"
"J. K. Rowling","azw3, epub","","2007-07-21T01:00:00+02:00","Harry Potter and the Deathly Hallows (Book 7) by J. K. Rowling"
"Frank Herbert","azw3, epub","","2008-08-29T01:00:00+02:00","God Emperor of Dune"
"Susanna Kaysen","azw3, epub","9780804151115","2013-06-19T01:00:00+02:00","Girl, Interrupted"
"Zoe Sugg (aka Zoella)","azw3, epub","9780141357287","2014-11-25T01:00:00+02:00","Girl Online"
"Celaena Cuico","mobi","","2023-08-14T01:00:00+02:00","Glass and Bone (The Diadem Book 1)"
"Julie Halpern","azw3, epub","","2009-09-01T01:00:00+02:00","Get Well Soon"
"Edgar Holmes","azw3, epub","","2018-06-24T01:00:00+02:00","For When She's Feeling Blue"
"Shenaia Lucas","azw3, epub","","2017-07-17T01:00:00+02:00","For The Broken"
"Jinapher J. Hoffman","azw3, epub","","2022-09-04T01:00:00+02:00","For Mist and Tar (Alchemight Duology Book 1)"
"Laney Hatcher","azw3, epub","","2022-05-24T01:00:00+02:00","First to Fall: A Friends to Lovers Historical Romance (Bartholomew series Book 1)"
"Abida Raja","epub","9788272017605","2022-09-05T00:00:00+02:00","Frihetens øyeblikk"
"Diana Gabaldon","azw3, epub","9781473519008","2021-11-23T01:00:00+02:00","Go Tell the Bees that I am Gone (Outlander)"
"Kyrstie Nickles","azw3, epub","","2023-12-08T01:00:00+02:00","Fire On Fire: A Historic Fantasy Romance"
"Jolie Vines","azw3, epub","","2020-06-27T01:00:00+02:00","Fallen Snow (Wild Scots, #4)"
"Margit Sandemo","epub","978-82-516-9291-5","2015-08-19T01:00:00+02:00","Et streif av ømhet"
"George R.R. Martin","azw3, epub","9780008402785","2018-11-20T01:00:00+02:00","Fire and Blood: The inspiration for 2022's highly anticipated HBO and Sky TV series HOUSE OF THE DRAGON from the internationally bestselling creator of ... GAME OF THRONES (A Song of Ice and Fire)"
"Edgar Allan Poe & Maplewood Books","mobi","","2014-08-05T01:00:00+02:00","Edgar Allan Poe: Complete Tales and Poems"
"Sarah J. Maas","azw3, epub","9781408872901","2016-09-06T01:00:00+02:00","Empire of Storms (Throne of Glass)"
"Sigmund Freud","azw3, epub","","2012-05-17T01:00:00+02:00","Dream Psychology Psychoanalysis for Beginners"
"Sapphire Lebesque","azw3, epub","","2023-09-20T01:00:00+02:00","Drannor: Dark Forest Dryad Book 4"
"Margit Sandemo","epub","978-82-516-7978-7","2014-10-14T01:00:00+02:00","Djevlekløften"
"Frank Herbert","azw3, epub","","2003-08-26T01:00:00+02:00","Dune"
"Veronica Roth","azw3, epub","9780062024039","2011-05-03T01:00:00+02:00","Divergent (Divergent Trilogy, Book 1)"
"Dana Isaly","azw3, epub","9798227980885","2021-12-11T01:00:00+02:00","Dipped In Holly"
"Brianna Sugalski","azw3, epub","9798218071769","2022-12-27T01:00:00+02:00","Disenchanted: Ruinous Reign: Book One"
"Margit Sandemo","epub","978-82-516-9292-2","2015-09-03T01:00:00+02:00","Den onde dagen"
"Margit Sandemo","epub","978-82-516-7979-4","2014-10-31T01:00:00+02:00","Demonen og jomfruen"
"Taylor Jenkins Reid","azw3, epub","9781473559707","2019-03-05T01:00:00+02:00","Daisy Jones and The Six"
"Sarah J. Maas","azw3, epub","9781408834947","2013-08-15T01:00:00+02:00","Crown of Midnight: 2 (Throne of Glass)"
"Leigh Bardugo","azw3, epub","9781627797917","2016-09-27T01:00:00+02:00","Crooked Kingdom (Six of Crows)"
"Tracy Brogan","azw3, epub","","2012-10-23T01:00:00+02:00","Crazy Little Thing (A Bell Harbor Novel)"
"BY LISA WINGATE (AUTHOR)","azw3, epub","","2023-01-26T01:00:00+02:00","CLASSICS BOOKSTORE BEFORE WE WERE YOURS (LISA WINGATE): ILLUSTRATED"
"L. E. Sunwick","azw3, epub","","2023-04-23T01:00:00+02:00","Claimed by my Immortal Elf: A Forbidden Love and Age Gap Contemporary Fantasy Romance (Elves Among Us: Forbidden Love Book 1)"
"Dana Isaly","azw3, epub","","2022-02-04T01:00:00+02:00","Claimed By Cupid (Nick and Holly Book 2)"
"K.M. Mixon","azw3, epub","","2023-06-06T01:00:00+02:00","Court of Sun: A Dark Fantasy Romance (Promethean Fae Book 1)"
"Cassandra Clare","azw3, epub","","2012-05-08T01:00:00+02:00","City of Lost Souls (The Mortal Instruments Book 5)"
"Cassandra Clare","azw3, epub","","2009-02-14T01:00:00+02:00","City of Glass (The Mortal Instruments Book 3)"
"Cassandra Clare","azw3, epub","","2011-04-05T01:00:00+02:00","City of Fallen Angels (The Mortal Instruments Book 4)"
"Kat T.Masen","azw3, epub","","2020-07-05T01:00:00+02:00","Chasing Love: A Best Friends Brother Romance (Dark Love Series Book 1)"
"Frank Herbert","azw3, epub","","1987-07-01T01:00:00+02:00","Chapterhouse: Dune"
"C. S. Pacat","azw3, epub","","2014-01-28T01:00:00+02:00","Captive Prince: Book One of the Captive Prince Trilogy"
"Jennifer Worth","azw3, epub","","2013-01-22T01:00:00+02:00","Call the Midwife: Shadows of the Workhouse"
"André Aciman","azw3, epub","","2008-01-22T01:00:00+02:00","Call Me by Your Name"
"Adeline Whitmore","azw3, epub","","2017-07-29T01:00:00+02:00","Burn The Fairy Tales"
"Jennifer Worth","azw3, epub","9781101614402","2012-08-29T01:00:00+02:00","Call the Midwife: A Memoir of Birth, Joy, and Hard Times (The Midwife Trilogy Book 1)"
"Jennae Cecelia","azw3, epub","","2016-12-24T01:00:00+02:00","Bright Minds Empty Souls"
"Emily Nagoski & Amelia Nagoski","azw3, epub","9781473561267","2019-03-14T01:00:00+02:00","Burnout"
"Anne-Britt Harsem","epub","9788282810630","2013-12-15T01:00:00+02:00","Brev til min datter"
"Jennifer Allis Provost","azw3, epub","","2022-08-16T01:00:00+02:00","Bleeding Hearts (Poison Garden Book 2)"
"Julia Quinn","azw3, epub","9780063142121","2015-04-28T01:00:00+02:00","Bridgerton: 1 (Bridgertons)"
"Lara Bronson","mobi","","2023-04-21T01:00:00+02:00","Bitten by Time: A Steamy Dracula Myth Retelling (The Vampire Genesis Chronicles Book 1)"
"Santa Montefiore","epub","9788283130898","2015-12-15T01:00:00+02:00","Birøkterens datter"
"Christina Henry","mobi","","2010-11-30T01:00:00+02:00","Black Wings (A Black Wings Novel Book 1)"
"Renaada Williams","azw3, epub","","2017-04-13T01:00:00+02:00","becoming."
"Claire Contreras","azw3, epub","9780999584453","2018-07-10T01:00:00+02:00","Because You're Mine: A Forbidden Romance (Sins & Deceit)"
"Claire Contreras","azw3, epub","9780999444863","2022-05-23T01:00:00+02:00","Because I Need You: An Arranged Marriage Mafia Romance (Because Series)"
"Tonya Kappes","azw3, epub","","2018-05-25T01:00:00+02:00","Beaches, Bungalows, & Burglaries"
"Amir Levine & Rachel Heller","azw3, epub","","2010-12-30T01:00:00+02:00","Attached"
"Ellie St. Clair","azw3, epub","","2021-02-04T01:00:00+02:00","Always Your Love: A Gothic Regency Romance"
"Thought Catalog","azw3, epub","","2016-06-23T01:00:00+02:00","All The Reminders You Need To Get You Through Anything In Life"
"Louise O'Neill","azw3, epub","9781848668201","2015-09-03T01:00:00+02:00","Asking For It"
"Silvana G. Sánchez","azw3, epub","","2022-10-25T01:00:00+02:00","Ash and Snow: The Curse of the White Throne (Cursed Kingdoms Book 1)"
"Carrie Hope Fletcher","azw3, epub","9780751557527","2015-04-23T01:00:00+02:00","All I Know Now: Wonderings and Reflections on Growing Up Gracefully"
"Ally Carter","azw3, epub","","2015-02-05T01:00:00+02:00","All Fall Down: Book 1 (Embassy Row)"
"Anthony Doerr","azw3, epub","1476746583","2014-05-06T01:00:00+02:00","All the Light We Cannot See: The Breathtaking World Wide Bestseller"
"Krogh, Christian","epub","9788241909511","2013-05-14T01:00:00+02:00","Albertine"
"John Marshall","mobi","","2012-05-12T01:00:00+02:00","A Short History of Greek Philosophy"
"Margaret Atwood","azw3, epub","","2011-06-08T01:00:00+02:00","Alias Grace"
"Arnhild Lauveng","azw3, epub","9781616088712","2012-11-13T01:00:00+02:00","A Road Back from Schizophrenia: A Memoir"
"Lemony Snicket","azw3, epub","","2011-11-01T01:00:00+02:00","A Series of Unfortunate Events Complete Collection: Books 1-13"
"Sadie Bosque","azw3, epub","","2021-02-10T01:00:00+02:00","A Deal with the Earl (Necessary Arrangements Book 1)"
"Sarah J. Maas","azw3, epub","","2015-05-05T01:00:00+02:00","A Court of Thorns and Roses: 1"
"Sarah J. Maas","azw3, epub","9781526602312","2021-02-16T01:00:00+02:00","A Court of Silver Flames (A Court of Thorns and Roses)"
"Sarah J. Maas","azw3, epub","9781635575583","2016-05-03T01:00:00+02:00","A Court of Mist and Fury: 2 (A Court of Thorns and Roses)"
"George R. R. Martin","azw3, epub","","2011-07-12T01:00:00+02:00","A Dance with Dragons (A Song of Ice and Fire, Book 5)"
"Charles Dickens","azw3, epub","9781542097468","2017-06-20T01:00:00+02:00","A Christmas Carol (AmazonClassics Edition)"
"Pyrokardia","azw3, epub","","2016-09-03T01:00:00+02:00","A Beautiful Mess"
"George R. R. Martin","azw3, epub","","2003-01-01T01:00:00+02:00","A Clash of Kings (A Song of Ice and Fire, Book 2)"
"Colleen Hoover","azw3, epub","153872474X","2018-12-07T01:00:00+02:00","Verity"
"Angie Martin","azw3, epub","9781513022970","2014-04-07T01:00:00+02:00","the three o'clock in the morning sessions"
"Jean Grainger","azw3, epub","9798756160000","2019-05-28T01:00:00+02:00","The Star and the Shamrock"
"Amanda Lovelace","azw3, epub","9781449486419","2016-05-01T01:00:00+02:00","the princess saves herself in this one"
"Stephen Chbosky","azw3, epub","9781847394071","1999-02-01T01:00:00+02:00","The Perks of Being a Wallflower"
"Janie Chang & Kate Quinn","azw3, epub","0063304732","2023-01-01T01:00:00+02:00","The Phoenix Crown"
"Kristin Hannah","azw3, epub","0312577222","2015-02-03T01:00:00+02:00","The Nightingale"
"John Green","azw3, epub","9789710871964","2012-01-01T01:00:00+02:00","The Fault in Our Stars"
"Margit Sandemo","epub","978-82-516-7999-2","2015-08-05T01:00:00+02:00","Stille før stormen"
"Lars Mytting","epub","9788205514003","2018-01-01T01:00:00+02:00","Søsterklokkene"
"Jostein Gaarder","epub","9788203240256","1993-01-02T01:00:00+02:00","Sofies Verden"
"Mahmona Khan","epub","9788203253430","2011-01-01T01:00:00+02:00","Skitten snø"
"dodie","azw3, epub","9781785036804","2017-11-02T01:00:00+02:00","Secrets for the Mad: Obsessions, Confessions and Life Lessons"
"John Green","azw3, epub","9780142414934","2008-01-01T01:00:00+02:00","Paper Towns"
"John Stuart Mill","mobi","9780758337245","1859-04-01T01:00:00+02:00","On Liberty"
"Christina Baker Kline","azw3, epub","9780061950728","2013-04-02T01:00:00+02:00","Orphan Train"
"Sally Rooney","azw3, epub","9781984822185","2018-01-01T01:00:00+02:00","Normal People"
"Virginia Woolf","azw3, epub","9781668506509","2021-06-30T01:00:00+02:00","Mrs. Dalloway by Virginia Woolf"
"John Green","azw3, epub","9781435249158","2005-01-01T01:00:00+02:00","Looking for Alaska"
"Margit Sandemo","epub","978-82-516-9293-9","2015-09-16T01:00:00+02:00","Legenden om Marco"
"Louisa May Alcott","azw3, epub","9780191605505","1868-01-01T01:00:00+02:00","Little Women"
"Thought Catalog","azw3, epub","","2016-05-20T01:00:00+02:00","Happily (N)ever After: Essays That Will Heal Your Broken Heart"
"Margit Sandemo","epub","978-82-516-9295-3","2015-10-14T01:00:00+02:00","Er det noen der ute?"
"Rainbow Rowell","azw3, epub","9781250012579","2012-01-01T01:00:00+02:00","Eleanor & Park"
"Isabel Raad, Ahlam Khalil, Hanne Aardal","epub","9788242978691","2023-12-15T01:00:00+02:00","Det vi ikke sa"
"Margit Sandemo","epub","978-82-516-9294-6","2015-10-01T01:00:00+02:00","Det svarte vannet"
"Margit Sandemo","epub","978-82-516-7998-5","2015-07-22T01:00:00+02:00","Demonenes fjell"
"Penelope Douglas","azw3, epub","9781660089055","2020-01-01T01:00:00+02:00","Credence"
"Tiago Forte","azw3, epub","9781800812215","2022-06-14T01:00:00+02:00","Building a Second Brain"
"Jon Michelet","epub","9788249515622","2015-10-10T01:00:00+02:00","Blodige strender"
"Trude Teige","","9788203359309","2015-09-18T09:00:00+02:00","Mormor danset i regnet"
"Berit Nordstrand","epub","9788205522237","2020-02-08T01:00:00+02:00","Omstart 30"
"Nicholas H. Tollervey","epub","","2017-10-11T02:00:00+02:00","Programming with MicroPython"
"Charles Bell","epub","9781484298619","2024-02-29T01:00:00+02:00","MicroPython for the Internet of Things: A Beginner's Guide to Programming With Python on Microcontrollers"
"Marwan Alsabbagh","epub","","2019-05-20T11:38:42+02:00","MicroPython Cookbook"
"George R. R. Martin","aax","9780553582031","2007-10-30T01:00:00+02:00","A Feast for Crows"
"Marissa Meyer","aax","9782385650322","2023-08-23T01:00:00+02:00","Cursed"
"Megan Collins","azw3, epub","","2025-01-01T01:00:00+02:00","Cross My Heart"
"Brandon Sanderson","azw3, epub","9780399555770","2018-01-01T01:00:00+02:00","Skyward"
"Aphra Behn","azw3, epub","9781443437707","1681-01-01T01:00:00+02:00","The Rover"
"Callie Hart","azw3, epub","","2024-09-10T01:00:00+02:00","Quicksilver: The Utterly Addictive Enemies-To-Lovers Romantasy Sensation"
"Virginia Woolf","epub, mobi","9780141183411","2000-10-31T01:00:00+02:00","Modern Classics to the Lighthouse"
"Rebecca Yarros","azw3, epub","9780349437088","2025-01-01T01:00:00+02:00","Onyx Storm"
"Rebecca Yarros","","9781649374042","2023-01-01T01:00:00+02:00","Fourth Wing"
"Vanessa Springora","epub","9788249524440","2021-02-15T01:00:00+02:00","Samtykket"
"Pascal Engman","epub","9788770361859","2018-09-12T01:00:00+02:00","Ildlandet"
"L. M. (Lucy Maud) Montgomery","","9781620111468","0101-01-01T02:00:00+02:00","Anne of Green Gables"
"Michael Ondaatje","epub","9781408820384","2017-02-15T01:00:00+02:00","The English Patient"
"Catherine Morris","epub","9781393102809","2019-11-14T01:00:00+02:00","Illustrated Guide to Advanced Dressmaking & Alteration Learn to Make & Alter Dresses, Skirts, Shirts, Slacks, Add Pockets, Frills, Buttons, Zippers & So Much More"
"Lily Fulop","epub","9781682684351","2020-02-15T02:00:00+02:00","Wear, Repair, Repurpose"
"J. M. Barrie","epub","9780689830785","1904-01-01T01:00:00+02:00","Peter Pan"
"Niccolo Machiavelli & George Bull & Anthony Grafton","epub","9780140449150","2003-02-04T01:00:00+02:00","The Prince"
"Frederick Douglass","epub","9781435171930","2020-12-31T01:00:00+02:00","Narrative of the Life of Frederick Douglass, an American Slave (Signature Classics)"
"Garet Garrett","epub","","1926-01-01T01:00:00+02:00","Ouroboros or the Mechanical Extension of Mankind"
"Miguel de Cervantes Saavedra","epub","9780241347768","2018-10-09T01:00:00+02:00","Don Quixote"
"Harriet Jacobs","epub","9781987078077","2019-05-24T01:00:00+02:00","Incidents in the Life of a Slave Girl Written by Herself"
"Homer","epub","9780143039952","2025-03-13T01:00:00+02:00","The Odyssey"
"Suzanne Collins","epub","9781546175759","2025-03-18T01:00:00+02:00","Sunrise on the Reaping (B&N Exclusive Edition) (A Hunger Games Novel)"
"Mskingbean89","epub","","2017-02-03T01:00:00+02:00","All the Young Dudes"
"Colson Whitehead","epub","9788248920823","2017-07-05T00:00:00+02:00","Den underjordiske jernbanen"
"Jussi Adler-Olsen","epub","9788203370915","2015-03-15T00:00:00+02:00","Den grenseløse"
"Wilson, Patricia","epub","9788202581336","2018-05-15T00:00:00+02:00","Øyas hemmelighet"
"Williams, John","epub","9788202449308","2014-05-15T00:00:00+02:00","Stoner"
"Jussi Adler-Olsen","epub","9789100137243","2006-01-01T00:00:00+02:00","Washingtondekretet"
"Nick Alexander","epub","9788283130249","2014-03-20T00:00:00+02:00","Hannah"
"Alice Albinia","epub","9788203217142","2011-01-01T00:00:00+02:00","Leelas bok"
"Nick Alexander","epub","9788283130874","2013-12-12T00:00:00+02:00","Hannahs reise"
"Jeffrey Archer","epub","9788241910302","2011-05-12T00:00:00+02:00","Bare tiden vil vise"
"Isabel Allende","epub","9788205514775","2017-06-01T00:00:00+02:00","Etter vinteren"
"Jeffrey Archer","epub","9788241910876","2012-03-01T00:00:00+02:00","Fedrenes Synder"
"Jeffrey Archer","epub","9788241911385","2013-04-30T00:00:00+02:00","En godt bevart hemmelighet"
"Jeffrey Archer","epub","9788241912627","2015-02-24T00:00:00+02:00","Mektigere enn sverdet"
"Jeffrey Archer","epub","9788241911163","2015-08-26T00:00:00+02:00","Ønsk deg ikke for mye"
"M. J. Arlidge","epub","9788241910388","2014-01-01T00:00:00+02:00","Elle melle"
"Linda Ask-Knutsen","epub","9788230012734","2015-03-03T00:00:00+02:00","Orkanen"
"Linda Ask-Knutsen","epub","9788230014318","2016-03-04T00:00:00+02:00","CAFÉ ESTRELLA"
"Linda Ask-Knutsen","epub","9788230335154","2017-05-15T00:00:00+02:00","Udødelig"
"Natalie Baszile","epub","9788282058766","2015-05-15T00:00:00+02:00","Sukkerplantasjen"
"Sabina Berman","epub","9788203214493","2010-01-01T00:00:00+02:00","Jenta Som Dykket Inn I Jordas Indre"
"Linwood Barclay","epub","978-82-8211-256-7","2013-05-15T00:00:00+02:00","Uten et ord"
"Bjørk, Samuel","epub","9788241915048","2018-08-02T16:49:15+02:00","Gutten som elsket rådyr"
"Samuel Bjørk","epub","9788241911958","2015-10-08T00:00:00+02:00","Uglen"
"Michael Dobbs","epub","9788248916307","1989-01-01T00:00:00+02:00","House of Cards"
"Tom Egeland","epub","9788203197635","1988-01-01T00:00:00+02:00","Ragnarok"
"Katrine Engberg","epub","9788293671251","2019-05-15T00:00:00+02:00","Glassvinge"
"Lars Saabye Christensen","epub","9788202302788","1984-01-01T00:00:00+02:00","Beatles"
"Lars Saabye Christensen","epub","9788202571986","2017-01-01T00:00:00+02:00","Byens Spor: Ewald Og Maj"
"Katrine Engberg","epub","9788284150444","2020-05-15T00:00:00+02:00","Blodmåne"
"Thomas Enger","epub","9788205429314","2013-01-01T00:00:00+02:00","Blodtåke"
"Thomas Enger","epub","9788205429635","2014-09-01T00:00:00+02:00","Våpenskjold"
"Jerker Eriksson & Håkan Sundquist","epub","9788282601412","2012-05-15T00:00:00+02:00","Kråkejenta"
"Thomas Enger","epub","9788205484160","2015-01-01T00:00:00+02:00","Banesår"
"Eriksson & Sundquist","epub","9788282603324","2012-05-15T00:00:00+02:00","Hungerilden"
"Eriksson & Sundquist","epub","9788282603331","2013-05-15T00:00:00+02:00","Pythias Anvisninger"
"Ildefonso Falcones","epub","9788280875389","2012-10-01T00:00:00+02:00","Havets katedral"
"Kim Faber & Janni Pedersen","epub","9788740050233","2019-03-21T00:00:00+02:00","Vinterland"
"Elena Ferrante","epub","9788252188288","0101-01-01T02:00:00+02:00","Mi briljante venninne"
"Julian Fellowes","epub","9781455541171","2016-01-01T00:00:00+02:00","Dancing Into Battle"
"Jan-Erik Fjell","epub","9788282051361","2011-03-17T00:00:00+02:00","Tysteren"
"Kate Furnivall","epub","978-82-8211-239-0","2011-05-15T00:00:00+02:00","St. Petersburgs juvel"
"Ken Follett","epub","9788202354831","0101-01-01T02:00:00+02:00","Der frihet rår"
"Elizabeth George","epub","9788279007517","2015-05-15T00:00:00+02:00","Bare en ond handling"
"Camilla Grebe","epub","978-82-05-49278-3","2016-12-14T00:00:00+02:00","Når isen brister"
"Camilla Grebe","epub","978-82-05-51184-2","2018-05-15T00:00:00+02:00","Husdyret"
"Guillou, Jan","epub","9788281433908","2011-01-01T00:00:00+02:00","Brobyggerne"
"Guillou, Jan","epub","9788241910029","2013-10-04T00:00:00+02:00","Mellom rødt og svart"
"Guillou, Jan","epub","9788241910883","2014-10-29T00:00:00+02:00","Ikke ville se"
"Grisham, John","epub","9788202494803","2015-05-15T00:00:00+02:00","Arvingen"
"Grisham, John","epub","9788202582418","2018-05-15T00:00:00+02:00","Varsleren"
"Guillou, Jan","epub","9788241913136","2016-10-07T00:00:00+02:00","Ekte amerikanske jeans"
"Terry Hayes","epub","9788280876720","2014-08-13T00:00:00+02:00","Jeg er Pilegrim"
"Gøril Emilie Hellen","epub","9788205471054","2014-05-15T00:00:00+02:00","Veien over klippene"
"Victoria Hislop","epub","978-82-516-8501-6","2014-05-15T00:00:00+02:00","Soloppgang"
"Hjorth_Rosenfeldt","epub","978-82-03-21776-0","2016-01-29T00:00:00+02:00","Dødens disippel"
"Rosenfeldt, Hjorth","epub","978-82-03-21591-9","2016-01-29T00:00:00+02:00","Mannen som ikke var morder"
"HjortRosenfeldt","epub","978-82-03-21918-4","2013-05-15T00:00:00+02:00","Fjellgraven"
"Beth Hoffman","epub","9788205432079","2011-05-15T00:00:00+02:00","CeeCee Honeycutts reddende engler"
"Beth Hoffman","epub","9788205457188","2013-05-15T00:00:00+02:00","Antikvitetshandleren i Charleston"
"Rosenfeldt, Hjort","epub","978-82-03-37099-1","2015-01-09T00:00:00+02:00","Den stumme jenta"
"Holt, Anne","epub","9788281433120","2013-06-27T00:00:00+02:00","Pengemannen"
"Jørn Lier Horst","epub","9788205445260","2004-05-15T00:00:00+02:00","Nøkkelvitnet"
"Anne Holt","epub","978-82-05-51751-6","2018-05-15T00:00:00+02:00","En grav for to"
"Jørn Lier Horst","epub","978-82-05-40173-0","2005-05-15T00:00:00+02:00","Felicia forsvant"
"Jørn Lier Horst","epub","978-82-05-40175-4","2007-05-15T00:00:00+02:00","Den eneste ene"
"Jørn Lier Horst","epub","9788205445253","2006-05-15T00:00:00+02:00","Når havet stilner"
"Jørn Lier Horst","epub","978-82-05-49798-6","2016-05-15T00:00:00+02:00","Når det mørkner"
"Jørn Lier Horst & Thomas Enger","epub","978-82-93671-07-7","2018-05-15T00:00:00+02:00","Nullpunkt"
"Jørn Lier Horst","epub","978-82-05-50565-0","2017-05-15T00:00:00+02:00","Katharina-koden"
"Jefferies, Dinah","epub","9788241910265","2014-03-04T00:00:00+02:00","Til vi ses igjen"
"Dinah Jefferies","epub","978-82-419-5157-2","2020-03-09T00:00:00+02:00","Den savnede søsteren"
"Johnsrud, Ingar","epub","978-82-03-35913-2","2015-05-15T00:00:00+02:00","Wienerbrorskapet"
"Jio, Sarah","epub","9788202410537","2013-05-02T00:00:00+02:00","Huset på stranden"
"Johnsrud, Ingar","epub","978-82-03-36147-0","2016-05-15T00:00:00+02:00","Kalypso"
"Jørgen Jæger","epub","9788282051507","2003-05-15T00:00:00+02:00","Skyggejakten"
"Jio, Sarah","epub","9788202447953","2014-05-15T00:00:00+02:00","Morgengry"
"Johnsrud, Ingar","epub","978-82-03-36342-9","2018-05-14T00:00:00+02:00","Korset"
"Sue Monk Kidd","epub","978-82-05-46052-2","2014-05-15T00:00:00+02:00","Bursdagsgaven"
"Kepler, Lars","epub","9788202476922","2014-05-15T00:00:00+02:00","Stalker"
"Kristensen, Tom","epub","978-82-03-19669-0","2005-05-15T00:00:00+02:00","Profitøren"
"Keyes, Marian","epub","9788202454685","2003-05-15T00:00:00+02:00","Sushi for nybegynnere"
"Lemaitre, Pierre","epub","978-82-03-37001-4","2015-03-04T00:00:00+02:00","Alex"
"Kristensen, Tom","epub","978-82-03-36151-7","2016-05-15T00:00:00+02:00","Pandora"
"David Lagercrantz","epub","978-82-05-48306-4","2015-05-15T00:00:00+02:00","Det som ikke dreper oss"
"Lunde, Maja","epub","978-82-03-35983-5","2015-05-15T00:00:00+02:00","Bienes historie"
"Lunde, Maja","epub","978-82-03-36278-1","2017-05-15T00:00:00+02:00","Blå"
"Sarah-Kate Lynch","epub","9788282056649","2014-05-15T00:00:00+02:00","Bryllupsbiene"
"Camilla Läckberg","epub","978-82-05-46133-8","2015-05-15T00:00:00+02:00","Løvetemmeren"
"Camilla Läckberg","epub","978-82-05-52115-5","2019-03-15T00:00:00+02:00","Gullburet"
"Marklund, Liza","epub","","2015-08-21T00:00:00+02:00","Jernblod"
"Marshall, Laura","epub","9788241919121","2018-12-13T13:33:17+02:00","Venneforespørsel"
"Mayhew, Anna Jean","epub","9788202584597","2017-12-13T00:00:00+02:00","Ild i tørt gress"
"Jon Michelet","epub","9788249516193","2015-05-15T00:00:00+02:00","En sjøens helt. Blodige strender"
"Santa Montefiore","epub","9788283130362","2014-05-15T00:00:00+02:00","Sommerpaviljongen"
"Santa Montefiore","epub","9788283131161","2016-05-15T00:00:00+02:00","Valentinas siste reise"
"Santa Montefiore","epub","9788283130737","2015-05-15T00:00:00+02:00","Hagen i Hartington"
"Santa Montefiore","epub","978-82-8313-170-3","2018-04-23T00:00:00+02:00","Gracies hemmelighet"
"Martin, George R.R.","epub","9788205518537","2018-11-23T00:00:00+02:00","Ild & blod"
"Jojo Moyes","epub","978-82-8313-088-1","2015-05-15T00:00:00+02:00","Etter deg"
"Jojo Moyes","epub","978-82-8313-161-1","2017-12-21T00:00:00+02:00","Fremdeles meg"
"Jojo Moyes","epub","978-82-8313-178-9","2018-05-15T00:00:00+02:00","Jenta som ble igjen"
"Jojo Moyes","epub","978-82-83132-38-0","2019-05-15T00:00:00+02:00","Over horisonten"
"Miriam Neegaard","epub","9788282058032","2014-11-05T00:00:00+02:00","Stormen og stillheten"
"Lars Mytting","epub","9788205422469","2014-05-15T00:00:00+02:00","Svøm med dem som drukner"
"Nesbø, Jo","epub","978-82-03-35914-9","2015-01-09T00:00:00+02:00","Blod på snø"
"Nesbø, Jo","epub","978-82-03-35960-6","2015-05-15T00:00:00+02:00","Mere blod"
"Nesser, Håkan","epub","9788281433298","2010-01-01T00:00:00+02:00","Menneske uten hund"
"Nesser, Håkan","epub","9788281433304","2008-01-01T00:00:00+02:00","En helt annen historie"
"Nesser, Håkan","epub","9788281433311","2010-01-01T00:00:00+02:00","Beretningen om herr Roos"
"Håkan Nesser","epub","978-82-05-41894-3","2011-03-30T00:00:00+02:00","De ensomme"
"Kristina Ohlsson","epub","9788205457287","2014-02-18T00:00:00+02:00","Papirgutten"
"Kristina Ohlsson","epub","9788205446397","2013-04-12T00:00:00+02:00","Paradisoffer"
"Delia Owens","epub","9788279009979","2019-05-15T00:00:00+02:00","Der krepsene synger"
"Kristina Ohlsson","epub","978-82-05-47914-2","2014-12-17T00:00:00+02:00","Lotus blues"
"Kristina Ohlsson","epub","978-82-05-47916-6","2015-05-15T00:00:00+02:00","Mios blues"
"Pedersen, Kim Faber & Janni","epub","978-82-03-26943-1","2021-03-18T00:00:00+02:00","Satans sommer"
"Tore Renberg","epub","9788249513215","2013-05-15T00:00:00+02:00","Vi ses i morgen"
"Roberta Rich","epub","9788282057639","2014-05-15T00:00:00+02:00","Jordmoren i haremet"
"Roberta Rich","epub","9788282053600","2012-11-22T00:00:00+02:00","Jordmoren fra Venezia"
"Riley, Lucinda","epub","9788202485665","2015-05-15T00:00:00+02:00","Engletreet"
"Riley, Lucinda","epub","9788202457273","2014-11-27T00:00:00+02:00","De syv søstre"
"Riley, Lucinda","epub","9788202382100","2012-04-13T00:00:00+02:00","Jenta på klippen"
"Riley, Lucinda","epub","9788202485672","2016-01-21T00:00:00+02:00","Stormens søster"
"Riley, Lucinda","epub","9788202545581","2016-05-15T00:00:00+02:00","Skyggesøsteren"
"Riley, Lucinda","epub","9788202437763","2014-01-31T00:00:00+02:00","Den italienske jenta"
"Riley, Lucinda","epub","9788202567132","2017-05-15T00:00:00+02:00","Kjærlighetsbrevet"
"Riley, Lucinda","epub","9788202531546","2016-05-15T00:00:00+02:00","Helenas hemmelighet"
"Riley, Lucinda","epub","9788202578725","2017-11-07T00:00:00+02:00","Perlesøsteren"
"Hanne Kristin Rohde","epub","9788248914778","2014-01-27T01:00:00+02:00","Mørke hjerter"
"Hanne Kristin Rohde","epub","9788248916369","2024-01-28T00:00:00+02:00","Bare et barn"
"Riley, Lucinda","epub","9788202617981","2018-11-22T00:00:00+02:00","Månesøsteren"
"Yrsa Sigurðardóttir","epub","9788248917489","2015-07-21T00:00:00+02:00","Løgnen"
"Riley, Lucinda","epub","9788202636258","2020-04-03T00:00:00+02:00","Solsøsteren"
"Storberg, Marianne","epub","978-82-03-36062-6","2016-01-07T00:00:00+02:00","Eplehagen"
"Harriet Beecher Stowe","epub","","2012-05-20T00:00:00+02:00","ONKEL TOMS HYTTE"
"Vidar Sundstøl","epub","978-82-05-40436-6","2009-05-15T00:00:00+02:00","De døde"
"Vidar Sundstøl","epub","978-82-05-40435-9","2008-05-15T00:00:00+02:00","Drømmenes land"
"Sveen, Gard","epub","9788241909047","2013-01-23T00:00:00+02:00","Den siste pilegrimen"
"Sveen, Gard","epub","9788241911545","2015-08-18T00:00:00+02:00","Helvete åpent"
"Peter Temple","epub","9788275475556","0101-01-01T02:00:00+02:00","Sannhet"
"Peter Temple","epub","9788275475679","0101-01-01T02:00:00+02:00","Stjerneskudd"
"Peter Temple","epub","9788275475792","0101-01-01T02:00:00+02:00","Mørk kyst"
"Walsø, Margit","epub","9788241916731","2018-04-11T00:00:00+02:00","Parfymeorgelet"
"Herbjørg Wassmo","epub","978-82-05-41289-7","2009-05-15T00:00:00+02:00","Hundre år"
"Katherine Webb","epub","9788205460836","2014-05-13T00:00:00+02:00","Det forbudte barnet"
"Katherine Webb","epub","978-82-05-48128-2","2015-01-19T00:00:00+02:00","Italienske netter"
"Jon Michelet","epub","9788249510962","2012-05-15T00:00:00+02:00","En sjøens helt. Skogsmatrosen"
"Jon Michelet","epub","9788249513185","2013-05-15T00:00:00+02:00","En sjøens helt. Skytteren"
"Jon Michelet","epub","9788249514526","2014-05-15T00:00:00+02:00","En sjøens helt. Gullgutten"
"Jeff Gothelf & Josh Seiden","epub","","2021-07-28T02:00:00+02:00","Lean UX"
