authors,series,series_index,title
"Edvard Hoem","Famlien fra Rekneslia","5.0","Husjomfru"
"Edvard Hoem","Famlien fra Rekneslia","1.0","Bror din på prærien"
"Edvard Hoem","Famlien fra Rekneslia","2.0","Land ingen har sett"
"Edvard Hoem","Slåttekar i himmelen","0.0","Slåttekar i himmelen"
"gillianeliza","","1.0","The Gallows"
"SereneMusafir","","1.0","Green Light"
"orphan_account","","1.0","A Second Attempt"
"Trude Teige","Mormor og Morfar","3.0","Mormors utrolige venninner"
"Leigh Bardugo","Ninth House (Alex Stern, #1)","0.0","Ninth House (Alex Stern, #1)"
"Colleen Hoover","It Starts with Us (It Ends with Us, #2)","0.0","It Starts with Us (It Ends with Us, #2)"
"Jennifer L. Armentrout","Blood and Ash","4.0","The War of Two Queens"
"Jennifer L. Armentrout","Blood and Ash","1.0","From Blood and Ash"
"Jennifer L. Armentrout","Blood and Ash","2.0","A Kingdom of Flesh and Fire"
"Jennifer L. Armentrout","Blood and Ash","3.0","The ​Crown of Gilded Bones"
"Leigh Bardugo","Crooked Kingdom (Six of Crows, #2)","0.0","Crooked Kingdom (Six of Crows, #2)"
"Rick Riordan","The Lightning Thief (Percy Jackson and the Olympians, #1)","0.0","The Lightning Thief (Percy Jackson and the Olympians, #1)"
"Tracy Wolff","Crave","1.0","Crave"
"Tracy Wolff","Crave","2.0","Crush"
"Trude Teige","Mormor og Morfar","2.0","Morfar pustet med havet"
"Cassandra Clare","City of Heavenly Fire (The Mortal Instruments, #6)","0.0","City of Heavenly Fire (The Mortal Instruments, #6)"
"Amanda Lovelace","Women Are Some Kind of Magic Series","2.0","The Witch Doesn't Burn In This One"
"Pierre Alex Jeanty","Her","1.0","Her Vol. 2"
"Amie Kaufman & Jay Kristoff","The Aurora Cycle","1.0","Aurora Rising"
"Erin Sterling","Ex Hex","0.0","The Ex Hex"
"Leigh Bardugo","Ruin and Rising (The Shadow and Bone Trilogy, #3)","0.0","Ruin and Rising (The Shadow and Bone Trilogy, #3)"
"Scarlett St. Clair","A Touch of Darkness (Hades & Persephone, #1)","0.0","A Touch of Darkness (Hades & Persephone, #1)"
"Caroline Peckham, Susanne Valenti","Zodiac Academy","7.0","Heartless Sky"
"Caroline Peckham, Susanne Valenti","Zodiac Academy","0.0","Fated Throne"
"Caroline Peckham, Susanne Valenti","Zodiac Academy","0.0","Cursed Fates"
"Caroline Peckham, Susanne Valenti","Zodiac Academy","4.0","Shadow Princess"
"Caroline Peckham, Susanne Valenti","Zodiac Academy","3.0","The Reckoning"
"Caroline Peckham, Susanne Valenti","Zodiac Academy","2.0","Ruthless Fae"
"Caroline Peckham, Susanne Valenti","Zodiac Academy","0.0","The Awakening"
"Caroline Peckham, Susanne Valenti","Zodiac Academy","8.0","Sorrow & Starlight"
"Sarah J. Maas","The Assassin's Blade (Throne of Glass, #0.1-0.5)","0.0","The Assassin's Blade (Throne of Glass, #0.1-0.5)"
"Sarah J. Maas","Queen of Shadows (Throne of Glass, #4)","0.0","Queen of Shadows (Throne of Glass, #4)"
"Julia Quinn","Bridgertons","3.0","An Offer From a Gentleman"
"Julia Quinn","The Viscount Who Loved Me (Bridgertons, #2)","0.0","The Viscount Who Loved Me (Bridgertons, #2)"
"Julia Quinn","Bridgertons","0.0","The Duke and I"
"Julia Quinn","Romancing Mister Bridgerton (Bridgertons, #4)","0.0","Romancing Mister Bridgerton (Bridgertons, #4)"
"J. K. Rowling","Harry Potter","1.0","Harry Potter and the Half-Blood Prince"
"J. K. Rowling","Harry Potter","1.0","Harry Potter and the Deathly Hallows"
"J. K. Rowling","Harry Potter","1.0","Harry Potter and the Goblet of Fire"
"J. K. Rowling","Harry Potter","1.0","Harry Potter and the Prisoner of Azkaban"
"Margit Sandemo","Lucifers kjærlighet (Sagaen om Isfolket, #29)","0.0","Lucifers kjærlighet (Sagaen om Isfolket, #29)"
"Diana Gabaldon","Sagaen om Isfolket","1.0","Stille før stormen"
"Margit Sandemo","Sagaen om Isfolket","40.0","Demonens Fjell"
"Diana Gabaldon","Sagaen om Isfolket","1.0","Skjulte spor"
"Margit Sandemo","Sagaen om Isfolket","1.0","Fanget av tiden"
"Margit Sandemo","Sagaen om Isfolket","1.0","Rop av stumme røster"
"Margit Sandemo","Sagaen om Isfolket","1.0","Kvinnen på stranden"
"Margit Sandemo","Sagaen om Isfolket","0.0","Sagaen om Isfolket 35 - Vandring i mørket"
"Margit Sandemo","Sagaen om Isfolket","35.0","Trolllmåne"
"Margit Sandemo","Sagaen om Isfolket","1.0","Skrekkens"
"Margit Sandemo","Sagaen om Isfolket","1.0","Nattens demon"
"Diana Gabaldon","Sagaen om Isfolket","1.0","Fergemannen (Sagaen om Isfolket, #31)"
"Margit Sandemo","Sagaen om Isfolket","1.0","Hunger"
"Margit Sandemo","Utysket (Sagaen om Isfolket, #30)","0.0","Utysket (Sagaen om Isfolket, #30)"
"Margit Sandemo","Skandalen (Sagaen om Isfolket, #27)","0.0","Skandalen (Sagaen om Isfolket, #27)"
"Margit Sandemo","Is og ild (Sagaen om Isfolket, #28)","0.0","Is og ild (Sagaen om Isfolket, #28)"
"Margit Sandemo","Engel med svarte vinger (Sagaen om Isfolket, #25)","0.0","Engel med svarte vinger (Sagaen om Isfolket, #25)"
"Margit Sandemo","I jordens dyp (Sagaen om Isfolket, #24)","0.0","I jordens dyp (Sagaen om Isfolket, #24)"
"Margit Sandemo","Sagaen om Isfolket","25.0","Sagaen om Isfolket 26 - Huset i Eldafjord"
"Margit Sandemo","Våroffer (Sagaen om Isfolket, #23)","0.0","Våroffer (Sagaen om Isfolket, #23)"
"Margit Sandemo","Sagaen om Isfolket","20.0","Djevelkløften"
"Margit Sandemo","Sagaen om Isfolket","1.0","Ravnens vinger (Sagaen om Isfolket, #20)"
"Margit Sandemo","Dragens tenner (Sagaen om Isfolket, #19)","0.0","Dragens tenner (Sagaen om Isfolket, #19)"
"Margit Sandemo","Sagaen om Isfolket","16.0","Dødens Hage"
"Margit Sandemo","Bak fasaden (Sagaen om Isfolket, #18)","0.0","Bak fasaden (Sagaen om Isfolket, #18)"
"Margit Sandemo","Galgeblomsten (Sagaen om Isfolket, #16)","0.0","Galgeblomsten (Sagaen om Isfolket, #16)"
"Margit Sandemo","Sagaen om Isfolket","14.0","Sagaen om Isfolket 15 - Vinden fra øst"
"Margit Sandemo","Sagaen om Isfolket","1.0","Den siste ridder (Sagaen om Isfolket, #14)"
"Margit Sandemo","Sagaen om Isfolket","1.0","Feber i blodet (Sagaen om Isfolket #12)"
"Margit Sandemo","Sagaen om Isfolket","1.0","Satans fotspor (Sagaen om Isfolket, #13)"
"Margit Sandemo","Sagaen om Isfolket","0.0","Sagaen om Isfolket 11 - Blodhevn"
"Margit Sandemo","Sagaen om Isfolket","9.0","Sagaen om Isfolket 10 - Vinterstorm"
"Margit Sandemo","Sagaen om Isfolket","50.0","Den ensomme"
"Margit Sandemo","Sagaen om Isfolket","49.0","Bøddelens datter"
"Diana Gabaldon","Sagaen om Isfolket","1.0","Spøkelsesslottet (Sagaen om Isfolket, #7)"
"Margit Sandemo","Sagaen om Isfolket","51.0","Den onde arven"
"Margit Sandemo","Sagaen om Isfolket","5.0","Dødssynden"
"Margit Sandemo","Sagaen om Isfolket","3.0","Sagaen om Isfolket"
"Margit Sandemo","Sagaen om Isfolket","48.0","Avgrunnen"
"Margit Sandemo","Sagaen om Isfolket","1.0","Heksejakten (Sagaen om Isfolket, #2)"
"Margit Sandemo","Sagaen om Isfolket","1.0","Trollbundet (Sagaen om Isfolket, #1)"
"Sarah J. Maas","A Court of Thorns and Roses","3.5","A Court of Frost and Starlight"
"Sarah J. Maas","A Court of Thorns and Roses","1.0","A ​Court of Silver Flames (A Court of Thorns and Roses, #4)"
"Sarah J. Maas","A Court of Thorns and Roses","1.0","A Court of Wings and Ruin (A Court of Thorns and Roses, #3)"
"Sarah J. Maas","A Court of Thorns and Roses","1.0","A Court of Mist and Fury (A Court of Thorns and Roses, #2)"
"Sarah J. Maas","A Court of Thorns and Roses","1.0","A Court of Thorns and Roses"
"Caroline Kepnes","You","1.0","Hidden Bodies"
"Caroline Kepnes","You","2.0","You Love Me"
"Trude Teige","Kajsa Coren","7.0","Løgnere"
"Trude Teige","Kajsa Coren","3.0","Svik"
"Trude Teige","Kajsa Coren","4.0","Jenta som sluttet å snakke"
"Trude Teige","Kajsa Coren","5.0","Pasienten"
"Trude Teige","Kajsa Coren","1.0","Noen vet"
"Trude Teige","Kajsa Coren","6.0","Aldri tilgi"
"Trude Teige","Kajsa Coren","2.0","En hjelpende hånd"
"George R.R. Martin","A Song of Ice and Fire","5.0","A Dance With Dragons"
"Philip Pullman","The Subtle Knife (His Dark Materials, #2)","0.0","The Subtle Knife (His Dark Materials, #2)"
"Philip Pullman","The Amber Spyglass (His Dark Materials, #3)","0.0","The Amber Spyglass (His Dark Materials, #3)"
"Philip Pullman","The Golden Compass (His Dark Materials, #1)","0.0","The Golden Compass (His Dark Materials, #1)"
"Diana Gabaldon","Outlander","1.0","Go Tell the Bees That I Am Gone"
"Diana Gabaldon","Outlander","1.0","An Echo in the Bone"
"Diana Gabaldon","Outlander","5.0","A Breath of Snow and Ashes"
"Diana Gabaldon","Outlander","1.0","Drums of Autumn (Outlander, #4)"
"Diana Gabaldon","Outlander","1.0","The Fiery Cross (Outlander, #5)"
"Diana Gabaldon","Voyager (Outlander, #3)","0.0","Voyager (Outlander, #3)"
"Diana Gabaldon","Outlander","1.0","Outlander (Outlander, #1)"
"Diana Gabaldon","Outlander","1.0","Written In My Own Heart's Blood"
"Diana Gabaldon","Outlander","1.0","Dragonfly in Amber (Outlander, #2)"
"Gregg Olsen","","0.0","If You Tell"
"Leif Svalesen","","1.0","Slaveskipet Fredensborg: Og Den Dansk-Norske Slavehandel På 1700-Tallet"
"Ahlam Khalil, Hanne Aardal, Isabel Raad","","1.0","Det Vi Ikke Sa"
"Kate Quinn,Janie Chang","","1.0","The Phoenix Crown"
"Kate Quinn","","0.0","The Diamond Eye"
"Kate Quinn","The Huntress","0.0","The Huntress"
"Kate Quinn","The Alice Network","0.0","The Alice Network"
"Tevis Walter","","0.0","The Queen’s Gambit"
"Kate Quinn","","0.0","The Rose Code"
"Torkil Fære","","1.0","Pulskuren"
"Tom Felton","Beyond the Wand: The Magic & Mayhem of Growing Up a Wizard","0.0","Beyond the Wand: The Magic & Mayhem of Growing Up a Wizard"
"James Clear","","0.0","Atomic Habits: An Easy & Proven Way to Build Good Habits & Break Bad Ones"
"Abida Raja, Håkon F. Høydal","","1.0","Abida Raja: Frihetens Øyeblikk"
"Jennette McCurdy","I'm Glad My Mom Died","0.0","I'm Glad My Mom Died"
"Colleen Hoover","November 9","0.0","November 9"
"Lene Kaaberbøl","Skammens Datter","0.0","Skammerens datter"
"Abida Raja","","1.0","Min Skyld - en Historie Om Frigjøring"
"Nina de Gramont","","1.0","The Christie Affair"
"Elin Anna Labba","","1.0","Herrene sendte oss hit: om tvangsflyttingen av samene"
"Dodie Clark","","1.0","Secrets for the Mad: Obsessions, Confessions and Life Lessons"
"Pierre Alex Jeanty","Her","1.0","Her"
"Mae Krell","","1.0","All The Things I Never Said"
"Pyrokardia","","1.0","Broken Wishbones and Empty Spaces"
"Bo Burnham","","1.0","Egghead: Or, You Can't Survive on Ideas Alone"
"Sophie Elise Isachsen","Forbilde","0.0","Forbilde"
"Linnéa Myrhe","","1.0","Hver Gang Du Forlater Meg"
"Rupi Kaur","","0.0","milk and honey"
"r.h. Sin","Whiskey Words & a Shovel","1.0","Whiskey Words & a Shovel I"
"Colleen Hoover","It Ends with Us (It Ends with Us, #1)","0.0","It Ends with Us (It Ends with Us, #1)"
"Taylor Jenkins Reid","The Seven Husbands of Evelyn Hugo","0.0","The Seven Husbands of Evelyn Hugo"
"Ragnhild Holmås","Men du ser ikke syk ut","0.0","Men du ser ikke syk ut"
"Penlope Douglas","","1.0","Punk 57"
"Madeline Miller","The Song of Achilles","0.0","The Song of Achilles"
"Thomas Erikson","Omgitt av idioter","0.0","Omgitt av idioter"
"Zeshan Shakar","Tante Ulrikkes vei","0.0","Tante Ulrikkes vei"
"Zip Reads","","1.0","Educated"
"Åsne Seierstad","","1.0","To søstre"
"Sophie Elise Isachsen","","0.0","Elsk meg"
"Bernhard L. Mohr","","1.0","Hvorfor stemmer russerne på Putin?"
"Marte Michelet","","1.0","Den største forbrytelsen"
"Linnéa Myrhe","","1.0","Meg, Meg, Meg"
"Perfection Learning Corporation","","1.0","Normal People"
"Malin Persson Giolito","","1.0","Størst av alt"
"Neil Geiman","","1.0","Norse Mythology"
"Liane Moriarty","Big Little Lies","1.0","Big Little Lies"
"Isabel Raad, Kjersti Kvam","","1.0","Shirog: jenta jeg en gang var"
"Deborah Feldman","","1.0","Unorthodox: The Scandalous Rejection of My Hasidic Roots"
"Åsene Seierstad","","1.0","Bokhandleren I Kabul"
"Steven Levitsky & Daniel Ziblatt","","1.0","How Democracies Die"
"Guila Enders","","1.0","Sjarmen Med Tarmen"
"Anne Sparkland","","1.0","Frisk Nok - Håndbok I Immunforsvar"
"Kristin Hannah","","0.0","The Four Winds"
"Ali Hazelwood","Bride","0.0","Bride"
"Kate Quinn","The Briar Club","0.0","The Briar Club"
"Lisa Wingate","","1.0","Before We Were Yours"
"Colleen Hoover","Reminders of Him","0.0","Yang Tertinggal Darinya (Reminders of Him)"
"Matthew Walker","","1.0","Why We Sleep"
"Rachel Griffin","","1.0","Wild Is the Witch"
"Delia Owens","","1.0","Where the Crawdads Sing"
"Charlotte McConaghy","","1.0","Once There Were Wolves"
"Chris Bohjalian","","1.0","Hour of the Witch"
"Sadeqa Johnson","","1.0","Yello Wife"
"Harald Stanghelle, Harald V","","1.0","Kongen forteller"
"Shelley Parker-Chan","The Radiant Emperor Duology","1.0","She Who Became the Sun"
"Yung Pueblo","","1.0","Clarity & Connection"
"Amanda Lovelace","","1.0","shine your icy crown"
"Kate Baer","","1.0","I Hope This Finds You Well: Poems"
"Matt Haig","","1.0","The Comfort Book"
"Liane Moriarty","Apples Never Fall","0.0","Apples Never Fall"
"Miranda Cowley Heller","","1.0","The Paper Palace"
"Sara Nisha Adams","","1.0","The Reading List"
"Sally Thorne","","1.0","The Hating Game"
"Lex Croucher","","1.0","Reputation"
"Matt Haig","","1.0","The Midnight Library"
"Nicola Yoon","","1.0","Everything, Everything"
"Tess Sharpe","","1.0","The Girls I've Been"
"Mark Manson","The Subtle Art of Not Giving a F*ck: A Counterintuitive Approach to Living a Good Life","0.0","The Subtle Art of Not Giving a Fck: A Counterintuitive Approach to Living a Good Life"
"Rupi Kaur","Home Body","0.0","Home Body"
"Kazuo Ishiguro","Klara and the Sun","0.0","Klara and the Sun"
"Nancy Johnson","","1.0","The Kindest Lie"
"Catherine Gray","","1.0","The Unexpected Joy of the Ordinary"
"Édouard Louis","","1.0","Who Killed My Father"
"E. Lockhart","We Were Liars","1.0","We Were Liars"
"Casey McQuiston","","1.0","Red, White & Royal Blue"
"Adam Silvera","","1.0","They Both Die at the End"
"Malcolm Gladwell","Talking to Strangers: What We Should Know About the People We Don't Know","0.0","Talking to Strangers: What We Should Know About the People We Don't Know"
"Beth O'Leary","","1.0","The Switch"
"Marie Kondo","The Life Changing Magic of Tidying Up","1.0","The Life-Changing Magic of Tidying Up"
"Malcolm Gladwell","","1.0","The Tipping Point"
"Emma Straub","","1.0","All Adults Here"
"Chimamanda Ngozi Adichie","","1.0","We Should All Be Feminists"
"Trevor Noah","","1.0","Born a Crime: Stories From a South African Childhood"
"Oyinkan Braithwaite","","1.0","My Sister, the Serial Killer"
"Ellen Feldman","Paris Never Leaves You","0.0","Paris Never Leaves You"
"Fredrik Backman","Anxious People","0.0","Anxious People"
"Claire Contreras","","1.0","Because You’re Mine"
"Catherine Gray","","1.0","The Unexpected Joy of Being Single"
"Margaret Atwood","Handmaid's Tale","1.0","The Handmaid's Tale"
"Frank Herbert","Dune","3.0","Children of Dune"
"J. K. Rowling","Pottermore Presents","2.0","Short Stories From Hogwarts of Power, Politics and Pesky Poltergeists"
"Rebecca Yarros","Iron Flame (The Empyrean, #2)","0.0","Iron Flame (The Empyrean, #2)"
"Somaiya Daud","Mirage","1.0","Mirage"
"Carmen Maria Machado","Her Body and Other Parties: Stories","0.0","Her Body and Other Parties: Stories"
"Ken Follett","Fall of Giants (The Century Trilogy, #1)","0.0","Fall of Giants (The Century Trilogy, #1)"
"Ken Follett","Kingsbridge","1.0","The Pillars of the Earth"
"Kevin Kwan","Crazy Rich Asians (Crazy Rich Asians, #1)","0.0","Crazy Rich Asians (Crazy Rich Asians, #1)"
"Tayari Jones","An American Marriage","0.0","An American Marriage"
"Marisa Noelle","","0.0","The Unraveling of Luna Forester"
"Jennifer Lynn Barnes","The Inheritance Games (The Inheritance Games, #1)","0.0","The Inheritance Games (The Inheritance Games, #1)"
"Samantha Shannon","The Priory of the Orange Tree (The Roots of Chaos, #1)","0.0","The Priory of the Orange Tree (The Roots of Chaos, #1)"
"Victoria E. Schwab","A Darker Shade of Magic (Shades of Magic, #1)","0.0","A Darker Shade of Magic (Shades of Magic, #1)"
"Emily Henry","Beach Read","0.0","Beach Read"
"Emily Henry","People We Meet on Vacation","0.0","People We Meet on Vacation"
"Camilla Isley","It Started with a Book","0.0","It Started With a Book"
"Victoria Blue","Bombshells of Brentwood","1.0","Accepting Agatha"
"Krystal Sutherland","House of Hollow","0.0","House of Hollow"
"Homer","The Iliad","0.0","The Iliad"
"William Shakespeare","Macbeth","0.0","Macbeth"
"Nora Sakavic","The Raven King (All for the Game, #2)","0.0","The Raven King (All for the Game, #2)"
"Dana Mele","People Like Us","0.0","People Like Us"
"Nathaniel Hawthorne","","0.0","The Scarlet Letter: (Penguin Classics Deluxe Edition)"
"Rory Power","","1.0","Wilder Girls"
"Edgar Allan Poe","The Raven and Other Poems","0.0","The Raven and Other Poems"
"Chloe Gong","These Violent Delights (These Violent Delights, #1)","0.0","These Violent Delights (These Violent Delights, #1)"
"Harper Lee","","1.0","To Kill a Mockingbird (Pulitzer Prize Winner)"
"Homer","The Odyssey","0.0","The Odyssey"
"Carlos Ruiz Zafón","The Shadow of the Wind (The Cemetery of Forgotten Books, #1)","0.0","The Shadow of the Wind (The Cemetery of Forgotten Books, #1)"
"Faridah Àbíké-Íyímídé","Ace of Spades","1.0","Ace of Spades"
"Deborah Harkness","All Souls","1.0","A Discovery of Witches"
"Sylvia Plath","The Bell Jar","0.0","The Bell Jar"
"Elizabeth Kostova","The Historian","0.0","The Historian"
"Ransom Riggs","Miss Peregrine's Home for Peculiar Children (Miss Peregrine's Peculiar Children, #1)","0.0","Miss Peregrine's Home for Peculiar Children (Miss Peregrine's Peculiar Children, #1)"
"Emily Brontë","","0.0","Wuthering Heights"
"Olivie Blake","Atlas","1.0","Atlas Six"
"N.H. Kleinbaum","Dead Poets Society","0.0","Dead Poets Society"
"Maggie Stiefvater","The Raven Boys (The Raven Cycle, #1)","0.0","The Raven Boys (The Raven Cycle, #1)"
"Ali Hazelwood","The Love Hypothesis","0.0","The Love Hypothesis"
"Stieg Larsson","The Girl with the Dragon Tattoo (Millennium, #1)","0.0","The Girl With the Dragon Tattoo (Millennium, #1)"
"Richard Osman","Thursday Murder Club","1.0","The Thursday Murder Club"
"Lars Kepler","The Hypnotist (Joona Linna, #1)","0.0","The Hypnotist (Joona Linna, #1)"
"Caroline Peckham & Susanne Valenti","Zodiac Academy Series","9.0","Restless Stars"
"Caroline Peckham & Susanne Valenti","Zodiac Academy","8.0","Sorrow and Starlight"
"Caroline Peckham & Susanne Valenti","Zodiac Academy","7.0","Heartless Sky"
"Caroline Peckham & Susanne Valenti","Zodiac Academy Series","4.0","Shadow Princess"
"Caroline Peckham & Valenti","Shadow Princess","4.0","Cursed Fates"
"Peckham & Caroline Peckham & Susanne Valenti","Zodiac Academy","3.0","The Reckoning"
"Caroline Peckham & Susanne Valenti","Zodiac Academy","2.0","Ruthless Fae"
"Holly Jackson","A Good Girl's Guide to Murder (A Good Girl's Guide to Murder, #1)","0.0","A Good Girl's Guide to Murder (A Good Girl's Guide to Murder, #1)"
"Bella Mackie","How to Kill Your Family","0.0","How to Kill Your Family"
"T.J. Klune","The House in the Cerulean Sea (Cerulean Chronicles, #1)","0.0","The House in the Cerulean Sea (Cerulean Chronicles, #1)"
"Torkil Berge & Lars Dehli & Elin Fjerstad","","0.0","Energityvene"
"A. N. P.","","0.0","Chicks o'hoi"
"Malala Yousafzai","I Am Malala: The Story of the Girl Who Stood Up for Education and Was Shot by the Taliban","0.0","I Am Malala: The Story of the Girl Who Stood Up for Education and Was Shot by the Taliban"
"Isabel Raad","","0.0","Shirog: jenta jeg en gang var"
"Jojo Moyes","Me Before You (Me Before You, #1)","0.0","Me Before You (Me Before You, #1)"
"Margit Sandemo","Skrekkens by (Sagaen om Isfolket, #37)","0.0","Skrekkens by (Sagaen Om Isfolket, #37)"
"Margit Sandemo","Sagaen om Isfolket","36.0","Trollmåne"
"Margit Sandemo","Sagaen om Isfolket","35.0","Vandring I Mørket"
"Margit Sandemo","Huset i Eldafjord (Sagaen om Isfolket, #26)","0.0","Huset I Eldafjord (Sagaen Om Isfolket, #26)"
"Margit Sandemo","Sagaen om Isfolket","17.0","Dødens Have"
"Margit Sandemo","Sagaen om Isfolket","15.0","Vinden Fra Øst"
"Margit Sandemo","Sagaen om Isfolket","47.0","Blodhevn"
"Margit Sandemo","Sagaen om Isfolket","10.0","Vinterstorm"
"Margit Sandemo","Sagaen om Isfolket","4.0","Lengsel"
"H. D. Carlton","Cat and Mouse Duet","1.0","Haunting Adeline"
"Lemony Snicket & Michael Kupperman","A Series of Unfortunate Events","3.0","The Wide Window"
"Lemony Snicket","The Reptile Room (A Series of Unfortunate Events, #2)","0.0","The Reptile Room (A Series of Unfortunate Events, #2)"
"Lemony Snicket","A Series of Unfortunate Events","1.0","The Bad Beginning"
"John Steinbeck","Of Mice and Men","0.0","Of Mice and Men"
"Brandon Sanderson","Steelheart (The Reckoners, #1)","0.0","Steelheart (The Reckoners, #1)"
"Stephenie Meyer","Midnight Sun (The Twilight Saga, #5)","0.0","Midnight Sun (The Twilight Saga, #5)"
"Stephenie Meyer","The Twilight Saga","4.0","Breaking Dawn"
"Stephenie Meyer","The Short Second Life of Bree Tanner (The Twilight Saga, #3.5)","0.0","The Short Second Life of Bree Tanner (The Twilight Saga, #3.5)"
"Stephenie Meyer","Twilight Saga Series","3.0","Eclipse"
"Stephenie Meyer","New Moon (The Twilight Saga, #2)","0.0","New Moon (The Twilight Saga, #2)"
"Stephenie Meyer","Twilight Saga Series","1.0","Twilight"
"Kazuo Ishiguro","Never Let Me Go","0.0","Never Let Me Go"
"George R.R. Martin","Fire & Blood (A Targaryen History, #1)","0.0","Fire & Blood (A Targaryen History, #1)"
"George R. R. Martin","A Song of Ice and Fire","6.0","The Winds of Winter"
"George R.R. Martin","A Feast for Crows (A Song of Ice and Fire, #4)","0.0","A Feast for Crows (A Song of Ice and Fire, #4)"
"George R.R. Martin","A Storm of Swords (A Song of Ice and Fire, #3)","0.0","A Storm of Swords (A Song of Ice and Fire, #3)"
"George R. R. Martin","Song of Ice and Fire Series","2.0","A Clash of Kings"
"George R.R. Martin","A Game of Thrones (A Song of Ice and Fire, #1)","0.0","A Game of Thrones (A Song of Ice and Fire, #1)"
"Scott Westerfeld","Uglies","1.0","Uglies"
"R. F. Kuang","","0.0","Yellowface"
"Oliver Lovrenski","Da vi var yngre","0.0","Da Vi Var Yngre"
"Stephen Hawking","The Theory of Everything: The Origin and Fate of the Universe","0.0","The Theory of Everything: The Origin and Fate of the Universe"
"Emily Henry","Book Lovers","0.0","Book Lovers"
"Vincent van Gogh","The Letters of Vincent van Gogh","0.0","The Letters of Vincent Van Gogh"
"J.D. Salinger","The Catcher in the Rye","0.0","The Catcher in the Rye"
"Joan Didion","","0.0","The Year of Magical Thinking"
"Micah Nemerever","These Violent Delights","0.0","These Violent Delights"
"Yuval Noah Harari","Homo Deus: A History of Tomorrow","0.0","Homo Deus: A History of Tomorrow"
"Jane Austen","","1.0","Sense and Sensibility"
"Pat Barker","Women of Troy","1.0","The Silence of the Girls: A Retelling of the Classic Greek Myth, Troy, From the Booker Prize-Winning Author of Regeneration"
"Leo Tolstoy","Anna Karenina","0.0","Anna Karenina"
"J. R. R. Tolkien","Lord of the Rings","1.0","The Fellowship of the Ring"
"J.R.R. Tolkien","The Hobbit, or There and Back Again (The Lord of the Rings, #0)","0.0","The Hobbit, or There and Back Again (The Lord of the Rings, #0)"
"Haruki Murakami","Norwegian Wood","0.0","Norwegian Wood"
"Coco Mellors","Cleopatra and Frankenstein","0.0","Cleopatra and Frankenstein"
"Heather Morris","The Tattooist of Auschwitz (The Tattooist of Auschwitz, #1)","0.0","The Tattooist of Auschwitz (The Tattooist of Auschwitz, #1)"
"Taylor Jenkins Reid","Malibu Rising","0.0","Malibu Rising"
"Vladimir Nabokov","Vintage International","1.0","Lolita"
"Sally Rooney","Beautiful World, Where Are You","0.0","Beautiful World, Where Are You"
"Sally Rooney","","0.0","Conversations With Friends"
"Zeshan Shakar","De kaller meg ulven","0.0","De Kaller Meg Ulven"
"Zeshan Shakar","Gul bok","0.0","Gul Bok"
"Franz Kafka","The Metamorphosis","0.0","The Metamorphosis"
"Oscar Wilde","The Picture of Dorian Gray","0.0","The Picture of Dorian Gray"
"Jane Austen","","0.0","Pride and Prejudice"
"Anne Frank","","0.0","The Diary of a Young Girl"
"Yuval Noah Harari","Sapiens: A Brief History of Humankind","0.0","Sapiens: A Brief History of Humankind"
"Roald Dahl & Quentin Blake","Charlie Bucket","2.0","Charlie and the Great Glass Elevator"
"Roald Dahl","Charlie Bucket","1.0","Charlie and the Chocolate Factory"
"Fyodor Dostoevsky","Crime and Punishment","0.0","Crime and Punishment"
"Paulo Coelho","","1.0","The Alchemist"
"Kate Elizabeth Russell","My Dark Vanessa","0.0","My Dark Vanessa"
"F. Scott Fitzgerald","","0.0","The Great Gatsby"
"George Orwell","","0.0","Nineteen Eighty Four"
"Donna Tartt","The Goldfinch","0.0","The Goldfinch"
"George Orwell","","0.0","Animal Farm"
"Ottessa Moshfegh","My Year of Rest and Relaxation","0.0","My Year of Rest and Relaxation"
"F. Scott Fitzgerald","","0.0","The Curious Case of Benjamin Button"
"Franz Kafka","The Trial","0.0","The Trial"
"Leigh Bardugo","The Shadow and Bone Trilogy","1.5","The Tailor"
"Leigh Bardugo & Dani Pendergast","Shadow and Bone Series","0.5","Demon in the Wood"
"Leigh Bardugo","Rule of Wolves (King of Scars, #2)","0.0","Rule of Wolves (King of Scars, #2)"
"Leigh Bardugo","King of Scars (King of Scars, #1)","0.0","King of Scars (King of Scars, #1)"
"Leigh Bardugo","Six of Crows","1.0","Six of Crows"
"Mark Lawrence","The Book That Wouldn’t Burn (The Library Trilogy, #1)","0.0","The Book That Wouldn’t Burn (The Library Trilogy, #1)"
"LovesBitca8","The Right Thing to Do (Rights and Wrongs, #1)","0.0","The Right Thing to Do (Rights and Wrongs, #1)"
"isthisselfcare","Draco Malfoy and the Mortifying Ordeal of Being in Love","0.0","Draco Malfoy and the Mortifying Ordeal of Being in Love"
"Amber V. Nicole","The Book of Azrael (Gods and Monsters, #1)","0.0","The Book of Azrael (Gods and Monsters, #1)"
"Christopher Paolini","Eragon (The Inheritance Cycle, #1)","0.0","Eragon (The Inheritance Cycle, #1)"
"Agatha Christie","Hercule Poirot","10.0","Murder on the Orient Express"
"Jennifer Saint","Elektra","0.0","Elektra"
"Rick Riordan","The Red Pyramid (The Kane Chronicles, #1)","0.0","The Red Pyramid (The Kane Chronicles, #1)"
"Rick Riordan","Percy Jackson and the Olympians Series","7.0","Wrath of the Triple Goddess"
"Rick Riordan","The Chalice of the Gods (Percy Jackson and the Olympians, #6)","0.0","The Chalice of the Gods (Percy Jackson and the Olympians, #6)"
"Rick Riordan","Percy Jackson and the Olympians","5.0","The Last Olympian"
"Rick Riordan","Percy Jackson and the Olympians","4.0","The Battle of the Labyrinth"
"Rick Riordan","Percy Jackson and the Olympians","3.0","Percy Jackson and the Titan's Curse"
"Rick Riordan","Percy Jackson and the Olympians","2.0","The Sea of Monsters"
"Tahereh Mafi","Shatter Me (Shatter Me, #1)","0.0","Shatter Me (Shatter Me, #1)"
"Shelby Mahurin","Serpent & Dove (Serpent & Dove, #1)","0.0","Serpent & Dove (Serpent & Dove, #1)"
"Jennifer L. Armentrout","Flesh and Fire","1.0","A Shadow in the Ember"
"Jennifer L. Armentrout","A Soul of Ash and Blood","4.0","A Soul of Ash and Blood"
"J. K. Rowling & Jack Thorne & John Tiffany","Harry Potter","8.0","Harry Potter and the Cursed Child - Parts One and Two: The Official Playscript of the Original West End Production"
"Jon Fosse","Kvitleik","0.0","Kvitleik"
"Rick Rubin","","0.0","The Creative Act: A Way of Being"
"Laurie Gilmore","Dream Harbor","1.0","The Pumpkin Spice Café"
"Percival Everett","James","0.0","James: A Novel"
"Jeffrey Eugenides","","0.0","The Virgin Suicides"
"Freida McFadden","The Boyfriend","0.0","The Boyfriend"
"Cassandra Clare","The Mortal Instruments","5.0","City of Lost Souls"
"Cassandra Clare","The Mortal Instruments","4.0","City of Fallen Angels"
"Cassandra Clare","The Mortal Instruments","2.0","City of Ashes"
"Cassandra Clare","The Mortal Instruments","3.0","City of Glass"
"Cassandra Clare","The Mortal Instruments","1.0","City of Bones"
"Markus Zusak","The Book Thief","0.0","The Book Thief"
"Jennifer Niven","","0.0","All the Bright Places"
"V. E. Schwab","Villains Duology Series","1.0","Vicious"
"Khaled Hosseini","A Thousand Splendid Suns","0.0","A Thousand Splendid Suns"
"Khaled Hosseini","The Kite Runner","0.0","The Kite Runner"
"Elle Cosimano","Finlay Donovan","1.0","Finlay Donovan Is Killing It"
"Stephanie Foo","What My Bones Know: A Memoir of Healing from Complex Trauma","0.0","What My Bones Know: A Memoir of Healing From Complex Trauma"
"Nina Lykke","Full spredning","0.0","Full Spredning"
"Edvard Hoem","","0.0","Mors og fars historie"
"Haruki Murakami","","1.0","What I Talk About When I Talk About Running"
"Amalie Skram","Sjur Gabriel (Hellemyrsfolket #1)","0.0","Sjur Gabriel (Hellemyrsfolket #1)"
"Amalie Skram","Karens jul","0.0","Karens Jul"
"Ernest Hemingway","The Old Man and the Sea","0.0","The Old Man and the Sea"
"Heidi Linde","Hva hun klager over når hun klager over husarbeidet","0.0","Hva Hun Klager Over Når Hun Klager Over Husarbeidet"
"Vigdis Hjorth","","0.0","Femten År. Den Revolusjonære Våren"
"Vigdis Hjorth","","0.0","Er mor død"
"Vigdis Hjorth","","0.0","Arv og miljø"
"Vigdis Hjorth","","0.0","Gjentakelsen"
"Helga Flatland","En moderne familie","0.0","En moderne familie"
"Karl Ove Knausgård","Min kamp 1 (Min kamp, #1)","0.0","Min Kamp 1 (Min Kamp, #1)"
"Maja Lunde","Bienes historie (Klimakvartetten, #1)","0.0","Bienes Historie (Klimakvartetten, #1)"
"Tarjei Vesaas","Fuglane","0.0","Fuglane"
"Edvard Hoem","Famlien fra Rekneslia","3.0","Liv andre har levd"
"Lars Mytting","Hekneveven (Hekne, #2)","0.0","Hekneveven (Hekne, #2)"
"Lars Mytting","Skråpånatta","0.0","Skråpånatta"
"Matthew Desmond","Poverty, by America","0.0","Poverty, by America"
"Kate Moore","The Radium Girls: The Dark Story of America’s Shining Women","0.0","The Radium Girls: The Dark Story of America’s Shining Women"
"Margaret Atwood","The Testaments (The Handmaid's Tale, #2)","0.0","The Testaments (The Handmaid's Tale, #2)"
"Lisa Jewell","None of This Is True","0.0","None of This Is True"
"Kc Davis Lpc","How to Keep House While Drowning","0.0","How to Keep House While Drowning"
"Peter Attia & Bill Gifford","Outlive: The Science & Art of Longevity","0.0","Outlive: The Science & Art of Longevity"
"Bessel van der Kolk","The Body Keeps the Score: Brain, Mind, and Body in the Healing of Trauma","0.0","The Body Keeps the Score: Brain, Mind, and Body in the Healing of Trauma"
"Amanda Montell","Cultish: The Language of Fanaticism","0.0","Cultish: The Language of Fanaticism"
"Morgan Housel","The Psychology of Money","0.0","The Psychology of Money"
"Rashid Khalidi","The Hundred Years' War on Palestine","0.0","The Hundred Years' War on Palestine"
"Lori Gottlieb","Maybe You Should Talk to Someone","0.0","Maybe You Should Talk to Someone"
"Tara Westover","Educated","0.0","Educated"
"Michelle Zauner","","0.0","Crying in H Mart"
"Holly Black","Folk of the Air","1.0","The Cruel Prince"
"Hannah Grace","Icebreaker (UCMH, #1)","0.0","Icebreaker (UCMH, #1)"
"Silvia Moreno-Garcia","Mexican Gothic","0.0","Mexican Gothic"
"Jacqueline Harpman","I Who Have Never Known Men","0.0","I Who Have Never Known Men"
"Amal El-Mohtar & Max Gladstone","This Is How You Lose the Time War","0.0","This Is How You Lose the Time War"
"SenLinYu","Manacled","0.0","Manacled"
"Madeline Miller","Circe","0.0","Circe"
"R. F. Kuang","Babel","0.0","Babel"
"Jessica Knoll","Bright Young Women","0.0","Bright Young Women"
"Alice Feeney","Rock Paper Scissors","0.0","Rock Paper Scissors"
"Nita Prose","The Maid (Molly the Maid, #1)","0.0","The Maid (Molly the Maid, #1)"
"Alex Michaelides","The Silent Patient","0.0","The Silent Patient"
"Freida McFadden","The Housemaid (The Housemaid, #1)","0.0","The Housemaid (The Housemaid, #1)"
"Amanda Peters","The Berry Pickers","0.0","The Berry Pickers"
"Abraham Verghese","The Covenant of Water","0.0","The Covenant of Water"
"Taylor Jenkins Reid","","0.0","Daisy Jones & the Six"
"Bonnie Garmus","Lessons in Chemistry","1.0","Lessons in Chemistry"
"Taylor Jenkins Reid","Carrie Soto Is Back","0.0","Carrie Soto Is Back"
"Andrew D. Huberman","Protocols: An Operating Manual for the Human Body","0.0","Protocols: An Operating Manual for the Human Body"
"John Green","Everything Is Tuberculosis: The History and Persistence of Our Deadliest Infection","0.0","Everything Is Tuberculosis: The History and Persistence of Our Deadliest Infection"
"Imani Perry","Black in Blues: How a Color Tells the Story of My People","0.0","Black in Blues: How a Color Tells the Story of My People"
"Brad Meltzer","The JFK Conspiracy: The Secret Plot to Kill Kennedy―and Why It Failed","0.0","The JFK Conspiracy: The Secret Plot to Kill Kennedy―and Why It Failed"
"Kari Ferrell","","0.0","You'll Never Believe Me: A Life of Lies, Second Tries, and Things I Should Only Tell My Therapist"
"Patrice Caldwell","Where Shadows Meet","1.0","Where Shadows Meet"
"Trang Thanh Tran","They Bloom at Night","0.0","They Bloom at Night"
"Jennifer L. Armentrout","Blood and Ash","6.0","The Primal of Blood and Bone"
"Rachel Gillig","The Knight and the Moth (The Stonewater Kingdom, #1)","0.0","The Knight and the Moth (The Stonewater Kingdom, #1)"
"Amalie Howard","The Starlight Heir","0.0","The Starlight Heir"
"Hannah Bonam-Young","","0.0","Out of the Woods"
"Eowyn Ivey","Black Woods, Blue Sky","0.0","Black Woods, Blue Sky"
"Samantha Sotto Yambao","","0.0","Water Moon"
"Ashley Winstead","This Book Will Bury Me","0.0","This Book Will Bury Me"
"Marie Benedict","","0.0","The Queens of Crime"
"Alice Feeney","","0.0","Beautiful Ugly"
"Ocean Vuong","The Emperor of Gladness","0.0","The Emperor of Gladness"
"Fredrik Backman","A Man Called Ove","0.0","A Man Called Ove"
"Fredrik Backman","","0.0","My Friends"
"Florence Knapp","The Names","0.0","The Names"
"Sarah Damoff","The Bright Years","0.0","The Bright Years"
"Charlotte McConaghy","","0.0","Wild Dark Shore"
"Chimamanda Ngozi Adichie","Dream Count","0.0","Dream Count: A Novel"
"Anne Tyler","Three Days in June","0.0","Three Days in June"
"Charmaine Wilkerson","Good Dirt","0.0","Good Dirt"
"Fiona Davis","The Stolen Queen","0.0","The Stolen Queen"
"Diana Gabaldon","Outlander","6.0","The Space Between"
"Suzanne Collins","Hunger Games","2.0","Mockingjay"
"Suzanne Collins","Hunger Games","1.0","Catching Fire"
"Suzanne Collins","Hunger Games","0.0","The Hunger Games"
"Lynda Cohen Loigman","The Love Elixir of Augusta Stern","0.0","The Love Elixir of Augusta Stern"
"Sara Goodman Confino","","0.0","Behind Every Good Man"
"Elif Shafak","There Are Rivers in the Sky","0.0","There Are Rivers in the Sky"
"Xóchitl González","Anita de Monte Laughs Last","0.0","Anita De Monte Laughs Last"
"Silvia Moreno-Garcia","The Seventh Veil of Salome","0.0","The Seventh Veil of Salome"
"Marjan Kamali","The Lion Women of Tehran","0.0","The Lion Women of Tehran"
"Madeline Martin","The Booklover's Library","0.0","The Booklover's Library"
"Laurie Gilmore","Dream Harbor Series","1.0","The Cinnamon Bun Book Store"
"Alexis Henderson","","0.0","An Academy for Liars"
"Leigh Bardugo","","0.0","The Familiar"
"Kathleen Sheppard","","0.0","Women in the Valley of the Kings: The Untold Story of Women Egyptologists in the Gilded Age"
"Yuval Noah Harari","Nexus: A Brief History of Information Networks from the Stone Age to AI","0.0","Nexus: A Brief History of Information Networks From the Stone Age to AI"
"Evan Friss","","0.0","The Bookshop: A History of the American Bookstore"
"Elizabeth Comen","All in Her Head: The Truth and Lies Early Medicine Taught Us About Women's Bodies and Why It Matters Today","0.0","All in Her Head: The Truth and Lies Early Medicine Taught Us About Women's Bodies and Why It Matters Today"
"Rufi Thorpe","Margo's Got Money Troubles","0.0","Margo's Got Money Troubles"
"Dolly Alderton","","0.0","Good Material"
"Liane Moriarty","Here One Moment","0.0","Here One Moment"
"Coco Mellors","Blue Sisters","0.0","Blue Sisters"
"Alison Espach","","0.0","The Wedding People"
"Beatriz Williams","Husbands & Lovers","0.0","Husbands & Lovers"
"Jodi Picoult","By Any Other Name","0.0","By Any Other Name"
"Jonathan Haidt","The Anxious Generation: How the Great Rewiring of Childhood Caused an Epidemic of Mental Illness","0.0","The Anxious Generation: How the Great Rewiring of Childhood Caused an Epidemic of Mental Illness"
"Kristin Hannah","The Great Alone","0.0","The Great Alone"
"Edvard Hoem","Famlien fra Rekneslia","4.0","Felemakaren"
"Edvard Hoem","Famlien fra Rekneslia","0.05","Jordmor på jorda: huset under Blåhammaren"
"Frank Herbert","Dune","2.0","Dune Messiah"
"Rebecca Ross","Divine Rivals (Letters of Enchantment, #1)","0.0","Divine Rivals (Letters of Enchantment, #1)"
"Charlaine Harris","Sookie Stackhouse","1.0","Dead Until Dark"
"Donald A. Norman","The Design of Everyday Things","0.0","The Design of Everyday Things"
"Karen Tang","It's Not Hysteria: Everything You Need to Know About Your Reproductive Health (But Were Never Told)","0.0","It's Not Hysteria: Everything You Need to Know About Your Reproductive Health (But Were Never Told)"
"Raven Kennedy","Goldfinch (The Plated Prisoner, #6)","0.0","Goldfinch (The Plated Prisoner, #6)"
"Raven Kennedy","Glow (The Plated Prisoner, #4)","0.0","Glow (The Plated Prisoner, #4)"
"Raven Kennedy","Gleam (The Plated Prisoner, #3)","0.0","Gleam (The Plated Prisoner, #3)"
"Raven Kennedy","Gild (The Plated Prisoner, #1)","0.0","Gild (The Plated Prisoner, #1)"
"Raven Kennedy","Glint (The Plated Prisoner, #2)","0.0","Glint (The Plated Prisoner, #2)"
"Raven Kennedy","Gold (The Plated Prisoner, #5)","0.0","Gold (The Plated Prisoner, #5)"
"Sally Rooney","Intermezzo","0.0","Intermezzo"
"Kristin Hannah","","0.0","The Women"
"Sönke Ahrens","","0.0","How to Take Smart Notes"
"Brenna Yovanoff","","1.0","The Space Between"
"Jessica Maguire","","1.0","The Nervous System Reset: Heal Trauma, Resolve Chronic Pain, and Regulate Your Emotions With the Power of the Vagus Nerve"
"Inga Strümke","","1.0","Maskiner som tenker"
"Elena Ferrante","","1.0","My Brilliant Friend"
"Anne-Britt Harsem","","1.0","Din Vilje Skje"
"Anita Østerbø","","1.0","Skammens mødre"
"Kristin Leer","","1.0","ADHD. 7 Veier Til Ny Forståelse"
"Mathilde Okkenhaug Pilskog","Syklusboka: fra skam til styrke","0.0","Syklusboka: fra skam til styrke"
"Julia Quinn","Bridgertons","4.0","Romancing Mister Bridgerton: Bridgertons, Book 4"
"Julia Quinn","Bridgertons","2.0","Bridgerton: The Viscount Who Loved Me"
"Atle Næss","","1.0","Det glemte århundre"
"Julia Quinn","Bridgertons","1.0","The Duke and I: Bridgerton"
"Dolly Alderton","Everything I Know About Love","0.0","Everything I Know About Love"
"Hanya Yanagihara","","1.0","A Little Life"
"Anne Spurkland","","1.0","Frisk nok - håndbok i immunforsvar"
"Unknown","","1.0","Crying in H Mart: The Number One New York Times Bestseller"
"Unknown","","1.0","Å Sette Sammen Bitene: Min Historie Om Vold, Skam Og Reparasjon"
"Gert Nygårdshaug","Mino-series","1.0","Mengele Zoo"
"David Lagercrantz","","1.0","JEG ER ZLATAN"
"Veslemøy Kjendsli","","1.0","Skammens barn: Dokumentarroman"
"J. K. Rowling","Harry Potter","5.0","Harry Potter og Føniksordenen"
"Erika Fatland","","1.0","Sovjetistan"
"Camilla Wandahl","Alt om at være pige","2.0","Mens Alle Andre Kysser"
"Christie Golden","Star Trek: Voyager: Homecoming","1.0","Homecoming"
"Knut Storberget","","1.0","Det Er Dine Øyne Jeg Ser: Om Forbrytelse, Straff Og Forsoning"
"Yuval Noah Harari","","1.0","21 tanker for det 21. århundre"
"Bill Pronzini","","1.0","The Stalker"
"Yuval Noah Harari","","1.0","Sapiens: en kort historie om menneskeheten"
"Arne Strand & Are Lervik","","1.0","Exphil før eksamen"
"Unknown","","1.0","I All Evighet - Del 2"
"Unknown","","1.0","I All Evighet - Del 1"
"Kathleen Grissom","","1.0","Mellom to Verdener"
"Santa Montefiore","Deverill Chronicles","3.0","Slottets siste hemmelighet"
"Santa Montefiore","Deverill Chronicles","2.0","Deverillslottets døtre"
"Jan Guillou","Det stora århundradet","8.0","De Som Dreper Drømmer Sover Aldri"
"Karin Fossum","Konrad Sejer","13.0","Hviskeren"
"Vigdis Hjorth","","1.0","Hva er det med mor"
"r.h. Sin","","1.0","A Beautiful Composition of Broken"
"George Orwell","","1.0","1984"
"George Orwell","","1.0","1984 (Nineteen Eighty-Four) with Quoates"
"Caroline Peckham & Susanne Valenti","Zodiac Academy","1.0","The Awakening"
"Caroline Peckham & Valenti","Zodiac Academy","6.0","Fated Throne"
"Caroline Peckham & Susanne Valenti","Zodiac Academy","8.0","Zodiac Academy 8: Sorrow and Starlight"
"Sarfraz Zaidi MD","","1.0","You Are Not Who You Think You Are: Poems that can awaken you"
"Caroline Kepnes","You","0.0","You: A Novel"
"Emily Bleeker","","1.0","Wreckage"
"Nikita Rogers","","1.0","Whisper of Witches (The Whisper of Witches series Book 1)"
"r.h. Sin","","1.0","Whiskey Words & a Shovel III: 3"
"r.h. Sin","","1.0","Whiskey Words & a Shovel II: 2"
"Cassandra Clare & Sarah Rees Brennan","The Bane Chronicles","1.0","What Really Happened in Peru (The Bane Chronicles )"
"Josh Sundquist","","1.0","We Should Hang Out Sometime: Embarrassingly, a true story"
"Clarissa Pinkola Estes","","1.0","Women Who Run With the Wolves: Myths and Stories of the Wild Woman Archetype"
"Brien Feathers","","1.0","Warlock of Muscovy (Sun War Trilogy)"
"Jennae Cecelia","","1.0","Uncaged Wallflower"
"Ken Follett","","1.0","Winter of the World (The Century Trilogy, Book 2)"
"Colleen Hoover","Ugly Love","0.0","Ugly Love: A Novel"
"Khaled Hosseini","","1.0","Tusen strålende soler"
"Alberto Cairo","","1.0","Truthful Art, The (Voices That Matter)"
"Liz Czukas","","1.0","Top Ten Clues You're Clueless"
"Kell Frillman","","1.0","Tragic Kingdoms: The Dark & The Damned - Novel One"
"Sarah J. Maas","Tower of Dawn (Throne of Glass, #6)","0.0","Tower of Dawn (Throne of Glass)"
"Sarah J. Maas","Throne of Glass (Throne of Glass, #1)","0.0","Throne of Glass: 1"
"Elena Ferrante","","1.0","Those Who Leave and Those Who Stay: Neapolitan Novels, Book Three"
"Heidi Priebe","","1.0","This Is Me Letting You Go"
"Tore Renberg","","1.0","Tollak Til Ingeborg"
"Jay Asher","","1.0","Thirteen Reasons Why"
"Tahereh Mafi","","1.0","This Woven Kingdom: the brand new YA fantasy romance series from the author of TikTok Made Me Buy It sensation, Shatter Me (This Woven Kingdom)"
"Jamie Applegate Hunter","Vincula Realm","0.0","The Umbra King (Vincula Realm Book 1)"
"William Shakespeare","","1.0","The Tragedy of Romeo and Juliet (Illustrated)"
"K. L. Walther","","1.0","The Summer of Broken Rules"
"Sara Sellers","","1.0","The Storm King: An Enemies to Lovers Fantasy Romance"
"L.J Kerry","","1.0","The Stars Plot Revenge (The Fallasingha Chronicles Book 1)"
"Elena Ferrante","","1.0","The Story of the Lost Child: Neapolitan Novels, Book Four"
"Elena Ferrante","","1.0","The Story of a New Name (Neapolitan Novels Book 2)"
"Anna Lynn Hammar","","1.0","The Shield of Hope: Book One (The Cursed Fates 1)"
"Donna Tartt","The Secret History","0.0","The Secret History (Vintage Contemporaries)"
"D.L. Blade","","1.0","The Sea of Zemira: An Epic Fantasy Romance (The Zemiran Chronicles Book 1)"
"Philip Pullman","The Secret Commonwealth (The Book of Dust, #2)","0.0","The Secret Commonwealth: The Book of Dust Volume Two (Book of Dust 2)"
"Melanie Davies","","1.0","The Sapphire Oath (The Nimra World Book 1)"
"Aimie K. Runyan","","1.0","The School for German Brides"
"Kristen S. Walker","","1.0","The Reluctant Witch: Year One (Santa Cruz Witch Academy Book 1)"
"Stephen King","","1.0","The Stand"
"S.T. Abby","","1.0","The Risk (Mindf*ck Series #1)"
"Tiago Forte","","1.0","The PARA Method: Simplify, Organize, and Master Your Digital Life"
"Nicholas Sparks","","1.0","The Notebook: The love story to end all love stories (Calhoun Family Saga)"
"Cassandra Clare","","1.0","The Mortal Instruments 6: City of Heavenly Fire"
"James Dashner","","1.0","The Maze Runner (The Maze Runner, Book 1)"
"Rick Riordan","","1.0","The Mark of Athena (Heroes of Olympus Book 3) (Heroes Of Olympus Series)"
"Sarah Penner","","1.0","The London Séance Society"
"Dawn Lanuza","","1.0","The Last Time I'll Write About You"
"Nigel Poulton","","1.0","The Kubernetes Book: 2024 Edition"
"Diana Gabaldon","","1.0","The Outlander Series Bundle: Books 1, 2, 3, and 4 (Outlander Bundle)"
"Natalie Jenner","","1.0","The Jane Austen Society: The internationally bestselling debut that has won readers' hearts in 2021"
"Rick Riordan","","1.0","The Kane Chronicles: The Complete Series (Books 1, 2, 3)"
"Hannah E Carey","","1.0","The Hunter: Tales of Pern Coen"
"Diana Gabaldon","","1.0","The Outlander Series Bundle: Books 5, 6, 7, and 8 (Outlander Bundle)"
"Charlotte Pike","","1.0","The Hungry Student Vegetarian Cookbook"
"Tracy Sumner","","1.0","The Governess Gamble (The Duchess Society Book 7)"
"Nora Sakavic","","1.0","The Foxhole Court (All for the Game Book 1)"
"Rick Riordan","","1.0","The House of Hades (The Heros of Olympus, Book 4)"
"Annabelle Forest","","1.0","The Devil on the Doorstep: My Escape From a Satanic Sex Cult"
"Maggie Stiefvater","","1.0","The Dream Thieves (The Raven Cycle, Book 2)"
"William Shakespeare","","1.0","The Complete Works of William Shakespeare (37 plays, 160 sonnets and 5 Poetry Books With Active Table of Contents)"
"K. Y. Robinson","","1.0","The Chaos of Longing"
"Dot Hutchison","","1.0","The Butterfly Garden (The Collector Book 1)"
"Rick Riordan","","1.0","The Blood of Olympus (Heroes of Olympus Book 5) (Heroes Of Olympus Series)"
"Suzanne Collins","The Hunger Games","0.0","The Ballad of Songbirds and Snakes (A Hunger Games Novel)"
"Ned Vizzini","","1.0","Teen Angst? Naaah . . ."
"Brittainy Cherry","","1.0","The Air He Breathes"
"Alicia Cook","","1.0","Stuff I've Been Feeling Lately"
"Jolie Vines","","1.0","Stubborn Spark (Wild Scots, #5)"
"Susan Peirce Thompson","","1.0","Spis deg fri med Bright line eating"
"J. K. Rowling","Pottermore Presents","1.0","Short Stories From Hogwarts of Heroism, Hardship and Dangerous Hobbies"
"Julie Murphy","","1.0","Side Effects May Vary"
"Leigh Bardugo","Siege and Storm (The Shadow and Bone Trilogy, #2)","0.0","Siege and Storm (The Shadow and Bone Trilogy Book 2)"
"nayyirah waheed","","1.0","salt."
"R. Valentine","","1.0","Revenant: A Dark Paranormal Romance For Adults (The War of Blood and Roses Book 1)"
"Leigh Bardugo","Shadow and Bone (Shadow and Bone, #1)","0.0","Shadow and Bone (The Shadow and Bone Trilogy Book 1)"
"Matt Bell","","1.0","Refuse to Be Done: How to Write and Rewrite a Novel in Three Drafts"
"Claire Wright","","1.0","Realm of Lore and Lies"
"Thought Catalog","","1.0","Read This If: A Collection of Essays that Prove Someone Else Gets it, Too"
"Margit Sandemo","","1.0","Ravnens vinger"
"Francine Rivers","","1.0","Redeeming Love"
"Kimberly McCreight","","1.0","Reconstructing Amelia: A Novel"
"Briar Boleyn","","1.0","Queen of Roses: A Dark Fae Fantasy Romance (Blood of a Fae Book 1)"
"K A Alexandra","","1.0","PYTHON LANGUAGE BASIC PROGRAMS: Programming for Beginners | Data Science Handbook | Engineering and Statistics"
"Blaise Yonga","","1.0","Python for Machine Learning: A Practical Guide"
"Maja Lunde","Klimakvartetten","3.0","Przewalskis hest"
"Sara Cate","","1.0","Praise (Salacious Players' Club)"
"Jolie Vines","","1.0","Perfect Storm (Wild Scots, #2)"
"Piper Kerman","","1.0","Orange Is the New Black: My Year in a Women's Prison"
"Ashlyn Rudd","","1.0","Of Secrets and Beginnings (Beginnings and Endings Series Book 1)"
"Redd Mercury","","1.0","Melody of Darkness (Spartan Academy Book 1)"
"Melinda Leigh","","1.0","Minutes to Kill (Scarlet Falls)"
"Martha Stewart Living","","1.0","Meatless: More Than 200 of the Very Best Vegetarian Recipes"
"Anne-Britt Harsem","","1.0","Mammas svik"
"William Golding","","1.0","Lord of the Flies"
"Michelle Phan","","1.0","Make Up (Enhanced Edition)"
"Jolie Vines","","1.0","Lion Heart (Wild Scots, #3)"
"John D. Inazu","","1.0","Learning to Disagree"
"T.R. Sharrow","","1.0","Life After Death: A Faerie Tale (Faerie Tales Book 1)"
"Clara Elroy","City of Stars","1.0","Kiss of War: An Enemies-to-Lovers Romance (City of Stars Book 1)"
"Eva Ashwood","","1.0","Kings of Chaos: A Dark Romance (Dirty Broken Savages Book 1)"
"Mathiesen, Anniken Lien","","1.0","Kjærlighetsmønster"
"Philip Pullman","La Belle Sauvage (The Book of Dust, #1)","0.0","La Belle Sauvage: The Book of Dust Volume One (Book of Dust Series)"
"Sarah J. Maas","Kingdom of Ash (Throne of Glass, #7)","0.0","Kingdom of Ash (Throne of Glass)"
"Charlotte Brontë","Jane Eyre","0.0","Jane Eyre (AmazonClassics Edition)"
"Ruby Dixon","","1.0","Ice Planet Barbarians"
"Iain S. Thomas & Jon Ellis","","1.0","I Wrote This For You"
"r.h. Sin","","1.0","I hope this reaches her in time"
"Joshua Duffney","","1.0","How to Take Smart Notes in Obsidian"
"Anne-Britt Harsem","","1.0","I et hus i Alvdal – Eldstesønnens historie"
"Fiola Publishing","","1.0","How to Take Smart Notes in Obsidian Beginner to Advance Techniques: Templates, Tagging, Folding, Embedding, digital Zettelkasten and Mind Mapping with Canvas Plugin"
"George Watsky","","1.0","How to Ruin Everything"
"Sarah J. Maas","House of Sky and Breath (Crescent City, #2)","0.0","House of Sky and Breath (Crescent City)"
"Sarah J. Maas","House of Flame and Shadow (Crescent City, #3)","0.0","House of Flame and Shadow (Crescent City)"
"M.C. Frank","","1.0","Hooked: Peter Pan falls for Captain Hook's daughter"
"Sarah J. Maas","House of Earth and Blood (Crescent City, #1)","0.0","House of Earth and Blood (Crescent City)"
"J. K. Rowling","Pottermore Presents","3.0","Hogwarts: An Incomplete and Unreliable Guide"
"Amanda Berry & Gina DeJesus & Mary Jordan & Kevin Sullivan","","1.0","Hope: A Memoir of Survival in Cleveland"
"River Bennet","","1.0","Heroines of Olympus"
"Emily Fridlund","","1.0","History of Wolves"
"Rick Riordan","","1.0","Heroes of Olympus: The Son of Neptune (Heroes Of Olympus Series Book 2)"
"Rick Riordan","","1.0","Heroes of Olympus: The Lost Hero: 1 (Heroes Of Olympus Series)"
"Edgar Holmes","","1.0","Her Favorite Color Was Yellow"
"Philip Pullman","","1.0","His Dark Materials: The Complete Collection"
"Frank Herbert","","1.0","Heretics of Dune"
"Sarah J. Maas","Heir of Fire (Throne of Glass, #3)","0.0","Heir of Fire (Throne of Glass Book 3)"
"J. K. Rowling","Harry Potter","1.0","Harry Potter and the Philosopher's Stone"
"J. K. Rowling","Harry Potter","6.0","Harry Potter & the Halfblood Prince Delu"
"Bloomsbury & J. K. Rowling","Harry Potter","5.0","Harry Potter and the Order of the Phoenix"
"Jolie Vines","","1.0","Hard Nox (Wild Scots, #1)"
"Jacob Grimm & Wilhelm Grimm","","1.0","Grimm's Fairy Tales Illustrated: 200 tales with 50 illustrations"
"J. K. Rowling","Harry Potter","2.0","Harry Potter and the Chamber of Secrets"
"Gillian Flynn","","1.0","Gone Girl"
"J. K. Rowling","Harry Potter","7.0","Harry Potter and the Deathly Hallows (Book 7) by J. K. Rowling"
"Frank Herbert","","1.0","God Emperor of Dune"
"Susanna Kaysen","Girl, Interrupted","0.0","Girl, Interrupted"
"Zoe Sugg (aka Zoella)","","1.0","Girl Online"
"Celaena Cuico","","1.0","Glass and Bone (The Diadem Book 1)"
"Julie Halpern","","1.0","Get Well Soon"
"Edgar Holmes","","1.0","For When She's Feeling Blue"
"Shenaia Lucas","","1.0","For The Broken"
"Jinapher J. Hoffman","","1.0","For Mist and Tar (Alchemight Duology Book 1)"
"Laney Hatcher","","1.0","First to Fall: A Friends to Lovers Historical Romance (Bartholomew series Book 1)"
"Abida Raja","","1.0","Frihetens øyeblikk"
"Diana Gabaldon","","1.0","Go Tell the Bees that I am Gone (Outlander)"
"Kyrstie Nickles","","1.0","Fire On Fire: A Historic Fantasy Romance"
"Jolie Vines","","1.0","Fallen Snow (Wild Scots, #4)"
"Margit Sandemo","Et streif av ømhet (Sagaen om Isfolket, #43)","0.0","Et streif av ømhet"
"George R.R. Martin","A Targaryen History","0.0","Fire and Blood: The inspiration for 2022's highly anticipated HBO and Sky TV series HOUSE OF THE DRAGON from the internationally bestselling creator of ... GAME OF THRONES (A Song of Ice and Fire)"
"Edgar Allan Poe & Maplewood Books","","1.0","Edgar Allan Poe: Complete Tales and Poems"
"Sarah J. Maas","Empire of Storms (Throne of Glass, #5)","0.0","Empire of Storms (Throne of Glass)"
"Sigmund Freud","","1.0","Dream Psychology Psychoanalysis for Beginners"
"Sapphire Lebesque","","1.0","Drannor: Dark Forest Dryad Book 4"
"Margit Sandemo","Sagaen om Isfolket","21.0","Djevlekløften"
"Frank Herbert","Dune (Dune, #1)","0.0","Dune"
"Veronica Roth","Divergent","1.0","Divergent (Divergent Trilogy, Book 1)"
"Dana Isaly","Nick and Holly","1.0","Dipped In Holly"
"Brianna Sugalski","","1.0","Disenchanted: Ruinous Reign: Book One"
"Margit Sandemo","Den onde dagen (Sagaen om Isfolket, #44)","0.0","Den onde dagen"
"Margit Sandemo","Demonen og jomfruen (Sagaen om Isfolket, #22)","0.0","Demonen og jomfruen"
"Taylor Jenkins Reid","","1.0","Daisy Jones and The Six"
"Sarah J. Maas","Crown of Midnight (Throne of Glass, #2)","0.0","Crown of Midnight: 2 (Throne of Glass)"
"Leigh Bardugo","","1.0","Crooked Kingdom (Six of Crows)"
"Tracy Brogan","","1.0","Crazy Little Thing (A Bell Harbor Novel)"
"BY LISA WINGATE (AUTHOR)","","1.0","CLASSICS BOOKSTORE BEFORE WE WERE YOURS (LISA WINGATE): ILLUSTRATED"
"L. E. Sunwick","","1.0","Claimed by my Immortal Elf: A Forbidden Love and Age Gap Contemporary Fantasy Romance (Elves Among Us: Forbidden Love Book 1)"
"Dana Isaly","","1.0","Claimed By Cupid (Nick and Holly Book 2)"
"K.M. Mixon","","1.0","Court of Sun: A Dark Fantasy Romance (Promethean Fae Book 1)"
"Cassandra Clare","","1.0","City of Lost Souls (The Mortal Instruments Book 5)"
"Cassandra Clare","","1.0","City of Glass (The Mortal Instruments Book 3)"
"Cassandra Clare","","1.0","City of Fallen Angels (The Mortal Instruments Book 4)"
"Kat T.Masen","","1.0","Chasing Love: A Best Friends Brother Romance (Dark Love Series Book 1)"
"Frank Herbert","","1.0","Chapterhouse: Dune"
"C. S. Pacat","","1.0","Captive Prince: Book One of the Captive Prince Trilogy"
"Jennifer Worth","The Midwife Trilogy","2.0","Call the Midwife: Shadows of the Workhouse"
"André Aciman","","1.0","Call Me by Your Name"
"Adeline Whitmore","","1.0","Burn The Fairy Tales"
"Jennifer Worth","The Midwife Trilogy","1.0","Call the Midwife: A Memoir of Birth, Joy, and Hard Times (The Midwife Trilogy Book 1)"
"Jennae Cecelia","","1.0","Bright Minds Empty Souls"
"Emily Nagoski & Amelia Nagoski","","1.0","Burnout"
"Anne-Britt Harsem","","1.0","Brev til min datter"
"Jennifer Allis Provost","","1.0","Bleeding Hearts (Poison Garden Book 2)"
"Julia Quinn","","1.0","Bridgerton: 1 (Bridgertons)"
"Lara Bronson","","1.0","Bitten by Time: A Steamy Dracula Myth Retelling (The Vampire Genesis Chronicles Book 1)"
"Santa Montefiore","","1.0","Birøkterens datter"
"Christina Henry","","1.0","Black Wings (A Black Wings Novel Book 1)"
"Renaada Williams","","1.0","becoming."
"Claire Contreras","","1.0","Because You're Mine: A Forbidden Romance (Sins & Deceit)"
"Claire Contreras","","1.0","Because I Need You: An Arranged Marriage Mafia Romance (Because Series)"
"Tonya Kappes","","1.0","Beaches, Bungalows, & Burglaries"
"Amir Levine & Rachel Heller","","1.0","Attached"
"Ellie St. Clair","","1.0","Always Your Love: A Gothic Regency Romance"
"Thought Catalog","","1.0","All The Reminders You Need To Get You Through Anything In Life"
"Louise O'Neill","","1.0","Asking For It"
"Silvana G. Sánchez","","1.0","Ash and Snow: The Curse of the White Throne (Cursed Kingdoms Book 1)"
"Carrie Hope Fletcher","","1.0","All I Know Now: Wonderings and Reflections on Growing Up Gracefully"
"Ally Carter","","1.0","All Fall Down: Book 1 (Embassy Row)"
"Anthony Doerr","","1.0","All the Light We Cannot See: The Breathtaking World Wide Bestseller"
"Krogh, Christian","","1.0","Albertine"
"John Marshall","","1.0","A Short History of Greek Philosophy"
"Margaret Atwood","","1.0","Alias Grace"
"Arnhild Lauveng","","1.0","A Road Back from Schizophrenia: A Memoir"
"Lemony Snicket","","1.0","A Series of Unfortunate Events Complete Collection: Books 1-13"
"Sadie Bosque","","1.0","A Deal with the Earl (Necessary Arrangements Book 1)"
"Sarah J. Maas","","1.0","A Court of Thorns and Roses: 1"
"Sarah J. Maas","","1.0","A Court of Silver Flames (A Court of Thorns and Roses)"
"Sarah J. Maas","","1.0","A Court of Mist and Fury: 2 (A Court of Thorns and Roses)"
"George R. R. Martin","","1.0","A Dance with Dragons (A Song of Ice and Fire, Book 5)"
"Charles Dickens","","1.0","A Christmas Carol (AmazonClassics Edition)"
"Pyrokardia","","1.0","A Beautiful Mess"
"George R. R. Martin","","1.0","A Clash of Kings (A Song of Ice and Fire, Book 2)"
"Colleen Hoover","","0.0","Verity"
"Angie Martin","","1.0","the three o'clock in the morning sessions"
"Jean Grainger","The Star and the Shamrock","1.0","The Star and the Shamrock"
"Amanda Lovelace","Women Are Some Kind of Magic Series","1.0","the princess saves herself in this one"
"Stephen Chbosky","","0.0","The Perks of Being a Wallflower"
"Janie Chang & Kate Quinn","","0.0","The Phoenix Crown"
"Kristin Hannah","","1.0","The Nightingale"
"John Green","","0.0","The Fault in Our Stars"
"Margit Sandemo","","1.0","Stille før stormen"
"Lars Mytting","Hekne","1.0","Søsterklokkene"
"Jostein Gaarder","","1.0","Sofies Verden"
"Mahmona Khan","","1.0","Skitten snø"
"dodie","","1.0","Secrets for the Mad: Obsessions, Confessions and Life Lessons"
"John Green","","0.0","Paper Towns"
"John Stuart Mill","","0.0","On Liberty"
"Christina Baker Kline","","1.0","Orphan Train"
"Sally Rooney","","0.0","Normal People"
"Virginia Woolf","","0.0","Mrs. Dalloway by Virginia Woolf"
"John Green","","0.0","Looking for Alaska"
"Margit Sandemo","Sagaen om Isfolket","1.0","Legenden om Marco"
"Louisa May Alcott","","1.0","Little Women"
"Thought Catalog","","1.0","Happily (N)ever After: Essays That Will Heal Your Broken Heart"
"Margit Sandemo","Sagaen om Isfolket","1.0","Er det noen der ute?"
"Rainbow Rowell","","0.0","Eleanor & Park"
"Isabel Raad, Ahlam Khalil, Hanne Aardal","","1.0","Det vi ikke sa"
"Margit Sandemo","Sagaen om Isfolket","1.0","Det svarte vannet"
"Margit Sandemo","Sagaen om Isfolket","41.0","Demonenes fjell"
"Penelope Douglas","","0.0","Credence"
"Tiago Forte","","1.0","Building a Second Brain"
"Jon Michelet","En sjøens helt","4.0","Blodige strender"
"Trude Teige","Mormor og Morfar","1.0","Mormor danset i regnet"
"Berit Nordstrand","","1.0","Omstart 30"
"Nicholas H. Tollervey","","1.0","Programming with MicroPython"
"Charles Bell","","1.0","MicroPython for the Internet of Things: A Beginner's Guide to Programming With Python on Microcontrollers"
"Marwan Alsabbagh","","1.0","MicroPython Cookbook"
"George R. R. Martin","Song of Ice and Fire Series","4.0","A Feast for Crows"
"Marissa Meyer","Gilded Duology","2.0","Cursed"
"Megan Collins","","1.0","Cross My Heart"
"Brandon Sanderson","Skyward","1.0","Skyward"
"Aphra Behn","","1.0","The Rover"
"Callie Hart","Fae & Alchemy","1.0","Quicksilver: The Utterly Addictive Enemies-To-Lovers Romantasy Sensation"
"Virginia Woolf","","1.0","Modern Classics to the Lighthouse"
"Rebecca Yarros","The Empyrean","3.0","Onyx Storm"
"Rebecca Yarros","The Empyrean Series","1.0","Fourth Wing"
"Vanessa Springora","","1.0","Samtykket"
"Pascal Engman","Vanessa Frank","1.0","Ildlandet"
"L. M. (Lucy Maud) Montgomery","Anne of Green Gables","1.0","Anne of Green Gables"
"Michael Ondaatje","","1.0","The English Patient"
"Catherine Morris","","1.0","Illustrated Guide to Advanced Dressmaking & Alteration Learn to Make & Alter Dresses, Skirts, Shirts, Slacks, Add Pockets, Frills, Buttons, Zippers & So Much More"
"Lily Fulop","","1.0","Wear, Repair, Repurpose"
"J. M. Barrie","","2.0","Peter Pan"
"Niccolo Machiavelli & George Bull & Anthony Grafton","","1.0","The Prince"
"Frederick Douglass","","1.0","Narrative of the Life of Frederick Douglass, an American Slave (Signature Classics)"
"Garet Garrett","","1.0","Ouroboros or the Mechanical Extension of Mankind"
"Miguel de Cervantes Saavedra","","1.0","Don Quixote"
"Harriet Jacobs","","1.0","Incidents in the Life of a Slave Girl Written by Herself"
"Homer","","1.0","The Odyssey"
"Suzanne Collins","Hunger Games","0.5","Sunrise on the Reaping (B&N Exclusive Edition) (A Hunger Games Novel)"
"Mskingbean89","All the Young Dudes","1.0","All the Young Dudes"
"Colson Whitehead","","1.0","Den underjordiske jernbanen"
"Jussi Adler-Olsen","Department Q","6.0","Den grenseløse"
"Wilson, Patricia","","1.0","Øyas hemmelighet"
"Williams, John","","1.0","Stoner"
"Jussi Adler-Olsen","","1.0","Washingtondekretet"
"Nick Alexander","","1.0","Hannah"
"Alice Albinia","","1.0","Leelas bok"
"Nick Alexander","Hannah","2.0","Hannahs reise"
"Jeffrey Archer","The Clifton Chronicles","1.0","Bare tiden vil vise"
"Isabel Allende","","1.0","Etter vinteren"
"Jeffrey Archer","The Clifton Chronicles","2.0","Fedrenes Synder"
"Jeffrey Archer","The Clifton Chronicles","3.0","En godt bevart hemmelighet"
"Jeffrey Archer","The Clifton Chronicles","5.0","Mektigere enn sverdet"
"Jeffrey Archer","","1.0","Ønsk deg ikke for mye"
"M. J. Arlidge","Helen Grace","1.0","Elle melle"
"Linda Ask-Knutsen","","1.0","Orkanen"
"Linda Ask-Knutsen","","1.0","CAFÉ ESTRELLA"
"Linda Ask-Knutsen","","1.0","Udødelig"
"Natalie Baszile","","1.0","Sukkerplantasjen"
"Sabina Berman","","1.0","Jenta Som Dykket Inn I Jordas Indre"
"Linwood Barclay","","1.0","Uten et ord"
"Bjørk, Samuel","","1.0","Gutten som elsket rådyr"
"Samuel Bjørk","Holger Munch & Mia Krüger","2.0","Uglen"
"Michael Dobbs","House of Cards","1.0","House of Cards"
"Tom Egeland","","1.0","Ragnarok"
"Katrine Engberg","","1.0","Glassvinge"
"Lars Saabye Christensen","Beatles-trilogien","1.0","Beatles"
"Lars Saabye Christensen","Byens spor","1.0","Byens Spor: Ewald Og Maj"
"Katrine Engberg","","1.0","Blodmåne"
"Thomas Enger","Henning Juul","3.0","Blodtåke"
"Thomas Enger","Henning Juul","4.0","Våpenskjold"
"Jerker Eriksson & Håkan Sundquist","","1.0","Kråkejenta"
"Thomas Enger","Henning Juul","5.0","Banesår"
"Eriksson & Sundquist","","1.0","Hungerilden"
"Eriksson & Sundquist","","1.0","Pythias Anvisninger"
"Ildefonso Falcones","","1.0","Havets katedral"
"Kim Faber & Janni Pedersen","Martin Juncker & Signe Kristiansen","1.0","Vinterland"
"Elena Ferrante","","1.0","Mi briljante venninne"
"Julian Fellowes","Belgravia","1.0","Dancing Into Battle"
"Jan-Erik Fjell","","1.0","Tysteren"
"Kate Furnivall","","1.0","St. Petersburgs juvel"
"Ken Follett","","1.0","Der frihet rår"
"Elizabeth George","","1.0","Bare en ond handling"
"Camilla Grebe","","1.0","Når isen brister"
"Camilla Grebe","","1.0","Husdyret"
"Guillou, Jan","","1.0","Brobyggerne"
"Guillou, Jan","","1.0","Mellom rødt og svart"
"Guillou, Jan","","1.0","Ikke ville se"
"Grisham, John","","1.0","Arvingen"
"Grisham, John","","1.0","Varsleren"
"Guillou, Jan","","1.0","Ekte amerikanske jeans"
"Terry Hayes","","1.0","Jeg er Pilegrim"
"Gøril Emilie Hellen","","1.0","Veien over klippene"
"Victoria Hislop","","1.0","Soloppgang"
"Hjorth_Rosenfeldt","","1.0","Dødens disippel"
"Rosenfeldt, Hjorth","","1.0","Mannen som ikke var morder"
"HjortRosenfeldt","","1.0","Fjellgraven"
"Beth Hoffman","","1.0","CeeCee Honeycutts reddende engler"
"Beth Hoffman","","1.0","Antikvitetshandleren i Charleston"
"Rosenfeldt, Hjort","","1.0","Den stumme jenta"
"Holt, Anne","","1.0","Pengemannen"
"Jørn Lier Horst","","1.0","Nøkkelvitnet"
"Anne Holt","","1.0","En grav for to"
"Jørn Lier Horst","","1.0","Felicia forsvant"
"Jørn Lier Horst","","1.0","Den eneste ene"
"Jørn Lier Horst","","1.0","Når havet stilner"
"Jørn Lier Horst","","1.0","Når det mørkner"
"Jørn Lier Horst & Thomas Enger","","1.0","Nullpunkt"
"Jørn Lier Horst","","1.0","Katharina-koden"
"Jefferies, Dinah","","1.0","Til vi ses igjen"
"Dinah Jefferies","","1.0","Den savnede søsteren"
"Johnsrud, Ingar","","1.0","Wienerbrorskapet"
"Jio, Sarah","","1.0","Huset på stranden"
"Johnsrud, Ingar","","1.0","Kalypso"
"Jørgen Jæger","","1.0","Skyggejakten"
"Jio, Sarah","","1.0","Morgengry"
"Johnsrud, Ingar","","1.0","Korset"
"Sue Monk Kidd","","1.0","Bursdagsgaven"
"Kepler, Lars","","1.0","Stalker"
"Kristensen, Tom","","1.0","Profitøren"
"Keyes, Marian","","1.0","Sushi for nybegynnere"
"Lemaitre, Pierre","","1.0","Alex"
"Kristensen, Tom","","1.0","Pandora"
"David Lagercrantz","","1.0","Det som ikke dreper oss"
"Lunde, Maja","","1.0","Bienes historie"
"Lunde, Maja","","1.0","Blå"
"Sarah-Kate Lynch","","1.0","Bryllupsbiene"
"Camilla Läckberg","","1.0","Løvetemmeren"
"Camilla Läckberg","","1.0","Gullburet"
"Marklund, Liza","","1.0","Jernblod"
"Marshall, Laura","","1.0","Venneforespørsel"
"Mayhew, Anna Jean","","1.0","Ild i tørt gress"
"Jon Michelet","","1.0","En sjøens helt. Blodige strender"
"Santa Montefiore","","1.0","Sommerpaviljongen"
"Santa Montefiore","","1.0","Valentinas siste reise"
"Santa Montefiore","","1.0","Hagen i Hartington"
"Santa Montefiore","","1.0","Gracies hemmelighet"
"Martin, George R.R.","","1.0","Ild & blod"
"Jojo Moyes","","1.0","Etter deg"
"Jojo Moyes","","1.0","Fremdeles meg"
"Jojo Moyes","","1.0","Jenta som ble igjen"
"Jojo Moyes","","1.0","Over horisonten"
"Miriam Neegaard","","1.0","Stormen og stillheten"
"Lars Mytting","","1.0","Svøm med dem som drukner"
"Nesbø, Jo","","1.0","Blod på snø"
"Nesbø, Jo","","1.0","Mere blod"
"Nesser, Håkan","","1.0","Menneske uten hund"
"Nesser, Håkan","","1.0","En helt annen historie"
"Nesser, Håkan","","1.0","Beretningen om herr Roos"
"Håkan Nesser","","1.0","De ensomme"
"Kristina Ohlsson","","1.0","Papirgutten"
"Kristina Ohlsson","","1.0","Paradisoffer"
"Delia Owens","","1.0","Der krepsene synger"
"Kristina Ohlsson","","1.0","Lotus blues"
"Kristina Ohlsson","","1.0","Mios blues"
"Pedersen, Kim Faber & Janni","","1.0","Satans sommer"
"Tore Renberg","","1.0","Vi ses i morgen"
"Roberta Rich","","1.0","Jordmoren i haremet"
"Roberta Rich","","1.0","Jordmoren fra Venezia"
"Riley, Lucinda","","1.0","Engletreet"
"Riley, Lucinda","","1.0","De syv søstre"
"Riley, Lucinda","","1.0","Jenta på klippen"
"Riley, Lucinda","","1.0","Stormens søster"
"Riley, Lucinda","","1.0","Skyggesøsteren"
"Riley, Lucinda","","1.0","Den italienske jenta"
"Riley, Lucinda","","1.0","Kjærlighetsbrevet"
"Riley, Lucinda","","1.0","Helenas hemmelighet"
"Riley, Lucinda","","1.0","Perlesøsteren"
"Hanne Kristin Rohde","","1.0","Mørke hjerter"
"Hanne Kristin Rohde","","1.0","Bare et barn"
"Riley, Lucinda","","1.0","Månesøsteren"
"Yrsa Sigurðardóttir","","1.0","Løgnen"
"Riley, Lucinda","","1.0","Solsøsteren"
"Storberg, Marianne","","1.0","Eplehagen"
"Harriet Beecher Stowe","","1.0","ONKEL TOMS HYTTE"
"Vidar Sundstøl","","1.0","De døde"
"Vidar Sundstøl","","1.0","Drømmenes land"
"Sveen, Gard","","1.0","Den siste pilegrimen"
"Sveen, Gard","","1.0","Helvete åpent"
"Peter Temple","","1.0","Sannhet"
"Peter Temple","","1.0","Stjerneskudd"
"Peter Temple","","1.0","Mørk kyst"
"Walsø, Margit","","1.0","Parfymeorgelet"
"Herbjørg Wassmo","","1.0","Hundre år"
"Katherine Webb","","1.0","Det forbudte barnet"
"Katherine Webb","","1.0","Italienske netter"
"Jon Michelet","","1.0","En sjøens helt. Skogsmatrosen"
"Jon Michelet","","1.0","En sjøens helt. Skytteren"
"Jon Michelet","","1.0","En sjøens helt. Gullgutten"
"Jeff Gothelf & Josh Seiden","","1.0","Lean UX"
